User_ID,True_Label,Pred_Label,Is_Correct,Confidence
user_001152b0,9,17,Wrong,0.4244
user_0038e226,8,8,Correct,0.2665
user_008791f5,5,7,Wrong,0.0946
user_00a95768,9,12,Wrong,0.1328
user_00afb090,24,25,Wrong,0.3007
user_00b5310f,4,26,Wrong,0.3710
user_00d789e9,16,14,Wrong,0.2707
user_00e2d727,28,28,Correct,0.5498
user_012b2595,0,2,Wrong,0.2753
user_0147e8d3,26,27,Wrong,0.1360
user_018d51b1,4,4,Correct,0.5464
user_01e60d92,4,1,Wrong,0.1915
user_01ea2233,7,7,Correct,0.4142
user_02017000,31,31,Correct,0.3182
user_023b236d,15,15,Correct,0.9582
user_0244a57d,19,16,Wrong,0.7408
user_02610fd8,25,29,Wrong,0.2072
user_02d08494,16,16,Correct,0.4648
user_0303bbc5,24,29,Wrong,0.3186
user_034ca407,27,26,Wrong,0.1460
user_0359f17f,5,0,Wrong,0.0973
user_0371266a,25,25,Correct,0.4335
user_0382fe49,5,5,Correct,0.5493
user_03a3892f,11,14,Wrong,0.0914
user_03b8fb7a,27,27,Correct,0.1922
user_041e2cc5,22,22,Correct,0.6869
user_045d595e,27,29,Wrong,0.1326
user_04762f1f,15,12,Wrong,0.1692
user_047fe217,29,27,Wrong,0.2562
user_04832ac1,24,25,Wrong,0.2521
user_048a2452,23,23,Correct,0.1161
user_052ef72f,21,23,Wrong,0.5663
user_0555ab22,20,19,Wrong,0.7477
user_056a2eb2,21,21,Correct,0.4125
user_057f1471,22,14,Wrong,0.1504
user_057fd72b,1,1,Correct,0.7092
user_059e3e4b,30,21,Wrong,0.1238
user_05be37b9,29,29,Correct,0.2106
user_0601c48e,24,21,Wrong,0.2108
user_060389a4,21,27,Wrong,0.2200
user_063f4205,27,17,Wrong,0.4492
user_064843fa,14,14,Correct,0.4906
user_06745f99,30,30,Correct,0.6034
user_067bc0d1,28,28,Correct,0.6511
user_068a42d7,26,26,Correct,0.3335
user_069731e5,19,19,Correct,0.9472
user_069f004b,27,29,Wrong,0.1900
user_06b84691,1,20,Wrong,0.3625
user_07321115,20,20,Correct,0.9296
user_0773b183,24,25,Wrong,0.3594
user_07dfb7cf,22,22,Correct,0.9416
user_07e42d14,8,8,Correct,0.1604
user_07e574b2,9,9,Correct,0.3366
user_080d10e9,15,15,Correct,0.6936
user_084ce539,6,12,Wrong,0.3059
user_08785d86,28,29,Wrong,0.1151
user_088778f7,18,19,Wrong,0.1887
user_08a1e7cd,7,0,Wrong,0.8008
user_08d07a9d,30,31,Wrong,0.1782
user_090de3c4,7,16,Wrong,0.1350
user_0920b2b5,31,18,Wrong,0.2397
user_09251cc9,24,25,Wrong,0.4595
user_09376c3f,26,17,Wrong,0.4297
user_0939608f,28,28,Correct,0.4650
user_09433178,13,9,Wrong,0.0947
user_09793d18,9,2,Wrong,0.1183
user_097f7403,3,7,Wrong,0.1579
user_09b0f528,23,11,Wrong,0.0926
user_09bb0c89,14,14,Correct,0.2786
user_09dbf5de,11,11,Correct,0.1113
user_0a36ec73,3,9,Wrong,0.1605
user_0a4990ad,8,8,Correct,0.9958
user_0a7f3c62,24,24,Correct,0.6831
user_0a839c80,24,31,Wrong,0.0736
user_0a851218,15,15,Correct,0.8522
user_0a8c3322,20,25,Wrong,0.2080
user_0a93bb97,9,9,Correct,0.9714
user_0aa24a86,30,31,Wrong,0.6012
user_0aa401cd,10,28,Wrong,0.4137
user_0aa9e025,13,13,Correct,0.3475
user_0ad2eace,30,28,Wrong,0.1358
user_0adba45c,18,12,Wrong,0.2749
user_0b2c275b,27,16,Wrong,0.0798
user_0b3db3a9,20,21,Wrong,0.2397
user_0b51ba66,11,17,Wrong,0.0822
user_0b6126d6,10,8,Wrong,0.3141
user_0b8b66c6,4,4,Correct,0.8290
user_0bc9fe0e,13,13,Correct,0.1813
user_0bcff647,20,20,Correct,0.5668
user_0bd1276a,31,31,Correct,0.6072
user_0c54eb54,25,22,Wrong,0.1235
user_0c691b06,7,7,Correct,0.1841
user_0c6f7131,21,13,Wrong,0.1131
user_0c7c4cc1,0,0,Correct,0.8456
user_0c840529,12,12,Correct,0.8126
user_0c88b35d,8,8,Correct,0.3726
user_0d1081cf,9,9,Correct,0.7910
user_0d4b13c6,19,19,Correct,0.4758
user_0d71ddc1,28,28,Correct,0.6233
user_0d993448,6,6,Correct,0.9432
user_0debbad8,10,10,Correct,0.5329
user_0dfb115e,0,3,Wrong,0.6041
user_0e1805ca,17,6,Wrong,0.1719
user_0e22c69a,10,10,Correct,0.4982
user_0e669d0c,14,14,Correct,0.9432
user_0f0d9bc5,22,22,Correct,0.7935
user_0f40e3a4,1,1,Correct,0.6559
user_0f58d4be,11,0,Wrong,0.0901
user_0f5f5078,21,20,Wrong,0.2099
user_0f67716d,4,9,Wrong,0.0632
user_0f94bd94,31,31,Correct,0.8996
user_0faebcb7,1,16,Wrong,0.5734
user_0fbba2e7,13,16,Wrong,0.5185
user_10078d2e,6,6,Correct,0.4546
user_10138f70,7,5,Wrong,0.1069
user_1053305d,17,17,Correct,0.2903
user_1060e400,15,15,Correct,0.8595
user_10cb7fc7,23,2,Wrong,0.4084
user_110f044a,4,4,Correct,0.3156
user_113a28e1,27,25,Wrong,0.2387
user_1164a8c8,28,28,Correct,0.5662
user_117dc164,20,20,Correct,0.5937
user_118837a7,12,10,Wrong,0.1982
user_11a7884b,13,16,Wrong,0.3600
user_11ac7eaf,6,6,Correct,0.2020
user_11fe21ba,17,17,Correct,0.7701
user_1215c11c,25,23,Wrong,0.2754
user_12323ce3,11,10,Wrong,0.5908
user_123b3a55,0,0,Correct,0.2390
user_124026a5,29,28,Wrong,0.2522
user_126610ea,8,8,Correct,0.8695
user_12a1a33a,26,26,Correct,0.2650
user_12b8d794,1,0,Wrong,0.2190
user_13000006,25,25,Correct,0.1924
user_130ebc0e,29,1,Wrong,0.1264
user_131204ae,7,12,Wrong,0.7283
user_13218ab4,29,11,Wrong,0.1124
user_13257296,27,23,Wrong,0.3195
user_13aa4f3e,31,29,Wrong,0.2006
user_13db26db,6,6,Correct,0.9472
user_13f1924a,18,1,Wrong,0.4580
user_13f7c11a,26,29,Wrong,0.2427
user_140a56ef,6,6,Correct,0.7533
user_14572d8a,14,10,Wrong,0.4842
user_145c13e0,7,9,Wrong,0.1339
user_147f50ad,27,27,Correct,0.2790
user_14826dab,18,18,Correct,0.1313
user_14b8e331,26,5,Wrong,0.2887
user_14c7e787,28,30,Wrong,0.2614
user_1553eaca,18,18,Correct,0.2866
user_157578d4,29,27,Wrong,0.2104
user_158ebc8b,29,22,Wrong,0.2671
user_1596973f,10,12,Wrong,0.2440
user_159c4f1d,6,11,Wrong,0.1262
user_15b0a5e4,18,18,Correct,0.1235
user_15c7c170,26,27,Wrong,0.1842
user_15d3bc0f,14,22,Wrong,0.5350
user_16033b01,18,14,Wrong,0.1618
user_16090851,7,2,Wrong,0.1751
user_161c56a9,24,19,Wrong,0.1520
user_1632d9b5,5,5,Correct,0.0651
user_16857378,15,15,Correct,0.8126
user_16963276,6,5,Wrong,0.0759
user_16e12a5b,29,29,Correct,0.2173
user_16ec2910,12,12,Correct,0.7956
user_16ee8656,17,17,Correct,0.9230
user_173904d3,23,27,Wrong,0.3590
user_17434b05,24,25,Wrong,0.2796
user_17438322,15,15,Correct,0.9779
user_17a3238b,1,1,Correct,0.3908
user_17c76b7e,0,0,Correct,0.8272
user_1806ab04,13,13,Correct,0.3884
user_1824d39a,25,27,Wrong,0.1605
user_1852c07a,1,1,Correct,0.7489
user_18742cc9,27,27,Correct,0.3575
user_18ae012e,23,14,Wrong,0.2700
user_18c1d5c8,23,9,Wrong,0.1759
user_18ec49ca,30,29,Wrong,0.1119
user_192f2b0f,28,26,Wrong,0.2076
user_1935b6af,6,6,Correct,0.8317
user_194fb073,22,22,Correct,0.2470
user_197913f0,21,30,Wrong,0.1832
user_198df9d2,9,9,Correct,0.9100
user_19958b0c,20,24,Wrong,0.1570
user_19abc2b9,18,30,Wrong,0.7828
user_19f70549,23,27,Wrong,0.2209
user_1a0fcd0e,21,14,Wrong,0.1076
user_1acc663a,22,31,Wrong,0.8821
user_1ada5d12,29,27,Wrong,0.2863
user_1af92003,18,18,Correct,0.0951
user_1b0b0723,20,20,Correct,0.8589
user_1b0ce8a4,10,2,Wrong,0.2275
user_1b3d292e,24,24,Correct,0.2626
user_1b463262,1,1,Correct,0.8792
user_1b47273a,10,11,Wrong,0.4379
user_1b4c5e12,23,2,Wrong,0.1697
user_1b61c9b9,24,24,Correct,0.3096
user_1b6ae0d5,17,17,Correct,0.3343
user_1bad49c0,28,21,Wrong,0.1482
user_1bb3825e,27,29,Wrong,0.1867
user_1c32c2e4,14,14,Correct,0.1183
user_1c35dac9,0,6,Wrong,0.0726
user_1c6ba587,7,12,Wrong,0.0681
user_1c826c2c,0,2,Wrong,0.4516
user_1cb9884c,5,14,Wrong,0.4525
user_1cc40b1e,5,4,Wrong,0.4511
user_1ceddf8e,17,19,Wrong,0.3194
user_1d83eff1,11,11,Correct,0.5951
user_1d926c1b,9,14,Wrong,0.4055
user_1d9e4400,15,15,Correct,0.1876
user_1dd18c66,13,11,Wrong,0.2509
user_1dd258bc,7,7,Correct,0.5070
user_1df16b0d,20,20,Correct,0.5024
user_1e0d7389,3,3,Correct,0.0875
user_1e22f6a5,15,15,Correct,0.9060
user_1e6588ad,10,7,Wrong,0.0861
user_1e81eb60,8,8,Correct,0.9170
user_1e9fb0be,14,14,Correct,0.8208
user_1ea31c40,28,25,Wrong,0.1537
user_1ed72756,21,26,Wrong,0.1511
user_1f15e428,30,30,Correct,0.5447
user_1f1f8172,17,17,Correct,0.9813
user_1f45fe10,26,26,Correct,0.1931
user_1f8c84d9,7,7,Correct,0.5484
user_1fcf1cf9,25,26,Wrong,0.1993
user_1fe04650,9,7,Wrong,0.0985
user_1fed76a4,24,24,Correct,0.2910
user_20654904,17,17,Correct,0.5133
user_207d96b2,0,0,Correct,0.2896
user_209f9da7,24,24,Correct,0.2323
user_20c5df26,25,25,Correct,0.2888
user_20cb19d7,18,18,Correct,0.6345
user_20cbbafe,14,14,Correct,0.7604
user_212f6e96,10,11,Wrong,0.0938
user_2132651a,0,2,Wrong,0.1243
user_216928f7,10,10,Correct,0.4543
user_216b9538,10,10,Correct,0.4987
user_2171626a,18,19,Wrong,0.5259
user_21751950,15,15,Correct,0.1468
user_21981af9,20,20,Correct,0.2918
user_21e51e80,22,5,Wrong,0.3054
user_228cb456,7,7,Correct,0.5710
user_22c2d4f5,18,19,Wrong,0.3133
user_230fa8fc,10,11,Wrong,0.4261
user_231afebe,9,9,Correct,0.8497
user_2337191e,13,11,Wrong,0.5853
user_235272f4,23,25,Wrong,0.4789
user_235a0479,25,23,Wrong,0.2242
user_23812f45,19,19,Correct,0.6376
user_2398b264,5,16,Wrong,0.5768
user_23c58825,7,14,Wrong,0.5547
user_23d3fa45,4,4,Correct,0.9310
user_23f6207a,27,22,Wrong,0.2813
user_24128d4b,29,29,Correct,0.8069
user_2445cb6b,12,20,Wrong,0.1248
user_245e4655,29,27,Wrong,0.3021
user_2463008c,18,6,Wrong,0.1216
user_2473c813,8,8,Correct,0.4034
user_247acf5f,18,19,Wrong,0.2686
user_249b6f03,19,18,Wrong,0.5459
user_24eb6c3d,27,26,Wrong,0.2146
user_24eda97b,25,28,Wrong,0.2893
user_2504bc29,13,13,Correct,0.8244
user_257ddaa5,5,24,Wrong,0.1764
user_258c6ed5,29,30,Wrong,0.1226
user_25908f1a,17,17,Correct,0.2378
user_25d46f1e,25,21,Wrong,0.2435
user_25ecff25,19,14,Wrong,0.1095
user_2607131a,23,27,Wrong,0.4040
user_26078174,14,14,Correct,0.6577
user_2646fb92,0,1,Wrong,0.2280
user_2657a357,21,21,Correct,0.3282
user_2657d59d,10,13,Wrong,0.1545
user_266c3ac4,19,26,Wrong,0.1045
user_267a7c06,30,30,Correct,0.5894
user_2695b6bf,8,8,Correct,0.3534
user_26a71270,25,25,Correct,0.1925
user_26c35322,24,26,Wrong,0.1291
user_26d90802,6,6,Correct,0.4251
user_26da5680,24,24,Correct,0.4291
user_26ebf133,31,31,Correct,0.2190
user_270246b8,28,30,Wrong,0.8955
user_270a3e4f,21,25,Wrong,0.3027
user_2730789e,0,0,Correct,0.3525
user_2749ba52,0,0,Correct,0.3133
user_27645411,0,0,Correct,0.9651
user_277117a0,6,5,Wrong,0.1653
user_2781acaa,25,30,Wrong,0.0682
user_2782049d,21,21,Correct,0.2978
user_27820aba,7,7,Correct,0.0926
user_27830226,28,28,Correct,0.4983
user_27b2dd6b,9,7,Wrong,0.4739
user_27b53ad4,19,19,Correct,0.2531
user_27daf468,21,25,Wrong,0.2508
user_27e48271,18,13,Wrong,0.6958
user_2830c4c9,30,30,Correct,0.2734
user_2853a08e,18,18,Correct,0.6481
user_2860b535,19,4,Wrong,0.0661
user_286d407a,10,10,Correct,0.6251
user_28ce279b,16,16,Correct,0.1121
user_28f90bd2,9,11,Wrong,0.1290
user_292905b2,18,5,Wrong,0.1080
user_2942d514,9,11,Wrong,0.3967
user_2950e8c0,29,29,Correct,0.5049
user_295ab1b6,14,14,Correct,0.3262
user_296ba2be,23,26,Wrong,0.2182
user_299ca4bd,19,19,Correct,0.6958
user_29b9cbf6,13,13,Correct,0.3643
user_29df92fa,5,16,Wrong,0.1671
user_29f5c8a9,27,13,Wrong,0.3880
user_29fb422a,13,13,Correct,0.3551
user_2a18d812,3,3,Correct,0.9209
user_2a8f2648,8,10,Wrong,0.2085
user_2a96b10b,13,13,Correct,0.5835
user_2aa0c16e,1,1,Correct,0.1864
user_2ab6cc43,9,21,Wrong,0.1466
user_2ab9e39c,18,18,Correct,0.2555
user_2ac16518,22,22,Correct,0.3767
user_2ac3017f,1,7,Wrong,0.1218
user_2ae25ac0,22,21,Wrong,0.1084
user_2ae39601,4,9,Wrong,0.2714
user_2b0c5e38,4,4,Correct,0.8604
user_2b101cc6,18,19,Wrong,0.3775
user_2b297789,18,25,Wrong,0.1360
user_2b47a7f9,7,5,Wrong,0.2550
user_2b6ec9b5,20,22,Wrong,0.2794
user_2b714046,12,12,Correct,0.9658
user_2be39d7b,20,20,Correct,0.2567
user_2c2c3c1b,23,21,Wrong,0.5018
user_2c33091f,7,16,Wrong,0.0572
user_2c407267,14,20,Wrong,0.0931
user_2c5739d4,9,11,Wrong,0.9396
user_2c60f000,30,26,Wrong,0.2722
user_2cb8e6ac,0,0,Correct,0.7396
user_2cd0bf7f,0,0,Correct,0.7586
user_2cf3ebdf,2,3,Wrong,0.1751
user_2d1473fa,23,21,Wrong,0.2040
user_2d2553d7,7,15,Wrong,0.1041
user_2d61a99f,27,23,Wrong,0.9032
user_2d66ed74,31,5,Wrong,0.1633
user_2d70e9eb,30,31,Wrong,0.8369
user_2d902419,21,27,Wrong,0.0818
user_2db68c1c,25,26,Wrong,0.2498
user_2dd7f6f4,1,1,Correct,0.4430
user_2dded2bc,8,6,Wrong,0.2108
user_2de2fee6,9,9,Correct,0.8035
user_2de4b0fb,21,21,Correct,0.3421
user_2def1d0c,14,14,Correct,0.2165
user_2df5af28,20,27,Wrong,0.1604
user_2e08847c,9,7,Wrong,0.0999
user_2e2f5480,30,18,Wrong,0.1968
user_2e418529,23,21,Wrong,0.1288
user_2e43b083,0,0,Correct,0.3652
user_2e46b6ed,13,26,Wrong,0.1940
user_2e89374d,28,29,Wrong,0.0626
user_2eb68504,13,1,Wrong,0.5972
user_2ebd13d3,27,24,Wrong,0.1004
user_2f0b8784,21,20,Wrong,0.1660
user_2f100b60,6,6,Correct,0.2945
user_2f28cca9,9,11,Wrong,0.6896
user_2f3d3720,19,19,Correct,0.8937
user_2f49b702,17,18,Wrong,0.9462
user_2f8bbecc,8,23,Wrong,0.0869
user_3032fc8c,25,26,Wrong,0.1717
user_306796d1,12,17,Wrong,0.8351
user_30866f11,24,25,Wrong,0.2488
user_308b738f,29,23,Wrong,0.1519
user_3105dc6a,27,30,Wrong,0.2520
user_310af2fe,1,7,Wrong,0.1697
user_310d8c76,30,30,Correct,0.6703
user_31221597,19,19,Correct,0.2696
user_312e8b79,25,23,Wrong,0.2301
user_315d29f2,19,11,Wrong,0.1181
user_316f17c5,1,1,Correct,0.5169
user_3236f45c,15,15,Correct,0.9352
user_324e16b9,18,19,Wrong,0.5818
user_32557fc1,25,25,Correct,0.2840
user_325a147d,0,0,Correct,0.3906
user_3261ea1d,3,3,Correct,0.2493
user_32648043,1,1,Correct,0.0787
user_32c96cdd,28,30,Wrong,0.2895
user_32d5ca3c,0,3,Wrong,0.5323
user_32ec2958,18,18,Correct,0.2239
user_32fbf32e,0,0,Correct,0.6498
user_332253b1,31,26,Wrong,0.0801
user_3333a61b,13,11,Wrong,0.1116
user_333c2598,10,10,Correct,0.4531
user_3351df96,11,11,Correct,0.2798
user_33639952,14,3,Wrong,0.6469
user_33b2a4de,15,15,Correct,0.9274
user_33e63ace,19,19,Correct,0.3161
user_33e8dc8e,27,27,Correct,0.2667
user_33fa9f87,7,2,Wrong,0.0815
user_34144e4b,17,5,Wrong,0.0837
user_3459e5f5,5,13,Wrong,0.1784
user_34608923,31,7,Wrong,0.0988
user_34b503db,23,31,Wrong,0.7100
user_34c0876f,0,3,Wrong,0.2164
user_350cd58e,20,20,Correct,0.3579
user_356fbf87,29,27,Wrong,0.4820
user_35841c9d,19,19,Correct,0.2135
user_35c0eecf,18,19,Wrong,0.3388
user_35c9a8bc,16,16,Correct,0.7430
user_361d185d,10,10,Correct,0.1942
user_361e6af5,5,10,Wrong,0.1080
user_3640e99a,18,15,Wrong,0.2019
user_3646d71a,10,10,Correct,0.5197
user_36607a99,31,18,Wrong,0.1770
user_3680708d,17,17,Correct,0.3710
user_36aebdd0,10,10,Correct,0.0678
user_36ee45f9,26,29,Wrong,0.1676
user_374c4046,10,10,Correct,0.3431
user_3761e30b,11,11,Correct,0.1746
user_3762ef4e,5,4,Wrong,0.9604
user_379cbcab,17,17,Correct,0.2170
user_3806c97f,26,1,Wrong,0.2091
user_38878baf,29,29,Correct,0.3815
user_392d3596,27,29,Wrong,0.0887
user_392edeb4,11,14,Wrong,0.1223
user_3946ebc6,25,26,Wrong,0.1748
user_3969b5e3,17,31,Wrong,0.0677
user_39808b79,17,16,Wrong,0.6393
user_3998f7c7,30,30,Correct,0.8385
user_39a3e6eb,16,16,Correct,0.1880
user_39be2551,25,24,Wrong,0.1817
user_39dd7c7b,5,5,Correct,0.1478
user_39e43999,11,11,Correct,0.3924
user_39eac494,15,20,Wrong,0.2343
user_3b191d70,22,18,Wrong,0.4777
user_3b29fdf2,18,18,Correct,0.1898
user_3b2c7aeb,27,28,Wrong,0.1724
user_3b4c3408,22,22,Correct,0.9518
user_3b59b7cc,3,0,Wrong,0.0495
user_3b6ca990,7,14,Wrong,0.1490
user_3becd313,4,5,Wrong,0.1489
user_3bf13a8e,10,27,Wrong,0.0758
user_3bf6bb53,28,28,Correct,0.5352
user_3c3f837e,18,19,Wrong,0.6972
user_3c646e37,25,26,Wrong,0.2858
user_3c765048,30,0,Wrong,0.1346
user_3c7a9cac,26,7,Wrong,0.6585
user_3c8c59b5,31,21,Wrong,0.3511
user_3ca05352,15,15,Correct,0.9675
user_3ca67822,15,13,Wrong,0.8631
user_3cc9c070,25,25,Correct,0.1751
user_3cd890d7,18,19,Wrong,0.4808
user_3ce1ea01,8,8,Correct,0.2920
user_3cfc9572,19,17,Wrong,0.6744
user_3d07697f,14,14,Correct,0.3486
user_3d37f6e4,18,20,Wrong,0.3888
user_3d443e86,7,6,Wrong,0.0898
user_3d8a4912,25,25,Correct,0.2617
user_3d8ffebb,1,0,Wrong,0.2044
user_3db7f2ea,7,21,Wrong,0.1807
user_3dd104e2,28,29,Wrong,0.1213
user_3dd78b5f,6,13,Wrong,0.1058
user_3e12361a,17,17,Correct,0.2867
user_3e3d4fdf,28,21,Wrong,0.1564
user_3e643190,18,16,Wrong,0.3258
user_3e6a8847,4,9,Wrong,0.0638
user_3e9c46cf,17,17,Correct,0.4986
user_3ee8fbbe,24,25,Wrong,0.3208
user_3f020b40,18,14,Wrong,0.0580
user_3f65f650,2,3,Wrong,0.0851
user_3f6bb7e3,3,3,Correct,0.8435
user_3fbb0cf8,1,4,Wrong,0.9176
user_3fbca6e4,29,21,Wrong,0.1517
user_3fc8c5e6,18,18,Correct,0.6393
user_3fcd67d1,0,17,Wrong,0.1332
user_3fd46ab8,30,30,Correct,0.1022
user_3fdeac03,17,17,Correct,0.4761
user_3ff778f5,30,30,Correct,0.5157
user_4018b86c,22,22,Correct,0.4617
user_4033d6b0,30,28,Wrong,0.5436
user_404357f7,20,24,Wrong,0.1101
user_40674167,10,10,Correct,0.4739
user_407247b5,4,2,Wrong,0.1658
user_409cfb8b,0,7,Wrong,0.1005
user_40ad2fec,16,16,Correct,0.8910
user_4119a52d,11,9,Wrong,0.6078
user_41286261,21,21,Correct,0.2683
user_416e47cc,10,12,Wrong,0.2292
user_4195e0ac,18,18,Correct,0.4201
user_419688c2,15,15,Correct,0.7147
user_41b9a343,1,2,Wrong,0.1943
user_420df1a0,10,11,Wrong,0.0736
user_424c8519,14,14,Correct,0.5769
user_4257373e,13,20,Wrong,0.1249
user_425e6d8d,25,24,Wrong,0.2291
user_42a16831,4,5,Wrong,0.1632
user_42a63a6e,15,13,Wrong,0.4683
user_42aae31b,13,10,Wrong,0.2336
user_42f845e3,11,10,Wrong,0.4472
user_42f872d9,24,25,Wrong,0.1819
user_431086bc,8,3,Wrong,0.2829
user_4327513f,14,14,Correct,0.8084
user_43373514,16,10,Wrong,0.2229
user_43a9815a,24,24,Correct,0.3013
user_43bf6489,7,7,Correct,0.4017
user_43c5bad2,19,18,Wrong,0.0766
user_43f1a6b5,11,11,Correct,0.2426
user_43fca10f,7,3,Wrong,0.1650
user_4429c7ed,22,22,Correct,0.6435
user_446ba6d1,19,11,Wrong,0.0870
user_44b7e7f8,20,20,Correct,0.9479
user_44fefd7d,23,23,Correct,0.2135
user_45001069,0,1,Wrong,0.2973
user_450666df,25,24,Wrong,0.2069
user_450a49a8,24,24,Correct,0.1403
user_450dbb1f,14,2,Wrong,0.1099
user_450dbce1,3,3,Correct,0.8201
user_45362a87,24,24,Correct,0.2651
user_4538a087,7,12,Wrong,0.1678
user_453a081e,29,29,Correct,0.1709
user_454630bc,7,12,Wrong,0.1984
user_4551c58a,16,20,Wrong,0.1147
user_4558a6ac,21,25,Wrong,0.3569
user_455d6174,15,1,Wrong,0.1530
user_457f4681,21,17,Wrong,0.3421
user_4587a3c6,29,27,Wrong,0.1626
user_458d2689,4,4,Correct,0.3784
user_4592f3d9,13,9,Wrong,0.1791
user_45daa5a8,10,8,Wrong,0.9321
user_4605c869,13,16,Wrong,0.7199
user_460a5f50,18,19,Wrong,0.4769
user_461aadba,6,4,Wrong,0.4846
user_461f49ba,18,18,Correct,0.3594
user_4622eb24,28,25,Wrong,0.1711
user_463c17ca,10,11,Wrong,0.4200
user_46471887,14,14,Correct,0.1398
user_46740fae,18,18,Correct,0.3154
user_46852c58,10,11,Wrong,0.7495
user_46918ea3,1,4,Wrong,0.4509
user_46b72811,30,31,Wrong,0.7400
user_46c70ab5,1,1,Correct,0.1935
user_46cbf133,22,22,Correct,0.5945
user_46ed49ff,0,0,Correct,0.2644
user_47063e51,17,17,Correct,0.4158
user_4732900f,12,12,Correct,0.3377
user_4761edc3,5,1,Wrong,0.4281
user_477438c5,29,29,Correct,0.6957
user_4783bf98,25,26,Wrong,0.1537
user_479e73c9,7,20,Wrong,0.0907
user_47aac147,5,1,Wrong,0.1890
user_47b05242,30,30,Correct,0.8002
user_47b25f56,19,17,Wrong,0.3838
user_47e20517,25,25,Correct,0.3313
user_47e34c9c,0,0,Correct,0.3903
user_47e764df,5,14,Wrong,0.0737
user_481131d9,22,2,Wrong,0.1947
user_481bdd2d,11,11,Correct,0.2269
user_4820bae1,21,22,Wrong,0.2581
user_4839efc5,29,29,Correct,0.1363
user_484bf229,16,8,Wrong,0.1164
user_493d06fa,4,22,Wrong,0.2752
user_494f0774,4,5,Wrong,0.1092
user_497fcb02,0,0,Correct,0.8939
user_499c4c05,10,10,Correct,0.6101
user_499d86fb,21,21,Correct,0.2600
user_499db6e4,1,1,Correct,0.7913
user_499e982a,25,25,Correct,0.2290
user_49ca2625,11,11,Correct,0.2113
user_49e82ac6,10,11,Wrong,0.2505
user_49e91be3,23,26,Wrong,0.1526
user_4aa760d5,0,2,Wrong,0.0857
user_4aab802f,14,9,Wrong,0.1601
user_4aca03e7,23,23,Correct,0.4756
user_4ae0af75,15,14,Wrong,0.3378
user_4afbffaa,14,14,Correct,0.9249
user_4b04a2ef,16,13,Wrong,0.2036
user_4b07c67d,13,13,Correct,0.7109
user_4b0d16fa,0,2,Wrong,0.5578
user_4b102b56,13,31,Wrong,0.5110
user_4b47dbdc,22,8,Wrong,0.1936
user_4b7937db,20,20,Correct,0.5626
user_4be1a40b,28,25,Wrong,0.4351
user_4be30cce,9,8,Wrong,0.6577
user_4be8c844,8,5,Wrong,0.1070
user_4becb9db,18,19,Wrong,0.7318
user_4c2a27df,4,14,Wrong,0.6592
user_4c30d4e5,1,1,Correct,0.3167
user_4c846f33,29,26,Wrong,0.3862
user_4cc5a4cb,30,31,Wrong,0.8334
user_4cca0700,14,14,Correct,0.5543
user_4cd465d8,12,12,Correct,0.1778
user_4ce4fe7a,14,14,Correct,0.4161
user_4cf4c193,25,24,Wrong,0.1830
user_4d26951f,12,0,Wrong,0.1218
user_4d285c74,30,30,Correct,0.5311
user_4d51ccb2,25,26,Wrong,0.2270
user_4d894ab6,7,17,Wrong,0.0618
user_4d92bc40,7,7,Correct,0.1991
user_4e1a81c5,25,28,Wrong,0.2478
user_4e1ba69a,30,30,Correct,0.8180
user_4e20052d,4,4,Correct,0.4597
user_4e4a39dd,17,11,Wrong,0.1701
user_4ea4b6ce,23,19,Wrong,0.6323
user_4ecdcf5a,3,20,Wrong,0.1963
user_4f327446,29,27,Wrong,0.3372
user_4f44507b,14,14,Correct,0.1823
user_4f6e69b0,17,17,Correct,0.8757
user_4f72c677,25,29,Wrong,0.3097
user_4f76c6cd,18,14,Wrong,0.1828
user_4f891788,27,26,Wrong,0.1955
user_4f947fb0,1,12,Wrong,0.2043
user_4f9e2e25,15,14,Wrong,0.4825
user_4fa48ecd,11,8,Wrong,0.9695
user_4fbac3ff,23,24,Wrong,0.1993
user_4fcbde38,19,20,Wrong,0.2369
user_50317f7c,28,23,Wrong,0.2107
user_50615558,30,30,Correct,0.8891
user_5086a493,15,15,Correct,0.8367
user_50a5ce36,9,9,Correct,0.2114
user_50c9925d,0,1,Wrong,0.5610
user_50d6277a,17,17,Correct,0.9144
user_50f69b22,30,30,Correct,0.6082
user_51048016,9,9,Correct,0.6276
user_518b0640,9,8,Wrong,0.5243
user_518cf054,6,6,Correct,0.1122
user_519f5087,11,10,Wrong,0.6042
user_51a74bfc,5,31,Wrong,0.5272
user_51ac83e2,1,1,Correct,0.7888
user_522d810e,0,0,Correct,0.7902
user_523ab4f5,27,27,Correct,0.3298
user_524a859c,19,19,Correct,0.3242
user_529047f3,12,15,Wrong,0.9465
user_52b72b7f,14,14,Correct,0.9243
user_52eed52f,30,31,Wrong,0.9722
user_531dc01f,29,21,Wrong,0.2699
user_5335ac8e,31,31,Correct,0.3517
user_534496d1,18,18,Correct,0.1056
user_536537ce,15,22,Wrong,0.1974
user_5378f17e,15,18,Wrong,0.3080
user_5396dc89,5,4,Wrong,0.1608
user_539f3253,8,8,Correct,0.4018
user_53a003cc,18,19,Wrong,0.4471
user_53cc09bd,4,4,Correct,0.2959
user_54333ab1,17,17,Correct,0.8667
user_5437bd11,27,27,Correct,0.4423
user_543a02f1,3,3,Correct,0.2632
user_5473d760,7,7,Correct,0.4400
user_5475bcbf,26,30,Wrong,0.2181
user_547f0590,5,12,Wrong,0.1702
user_5499067a,25,24,Wrong,0.2082
user_54d35b8b,24,11,Wrong,0.0718
user_54ef3efa,7,10,Wrong,0.1228
user_551edce1,8,9,Wrong,0.1113
user_552757d6,26,26,Correct,0.3163
user_55a03061,16,16,Correct,0.3225
user_55a74748,0,2,Wrong,0.1210
user_55d5e5f3,16,16,Correct,0.3017
user_55f58e1c,31,29,Wrong,0.1839
user_5617f673,23,25,Wrong,0.2946
user_5626ef20,24,24,Correct,0.1688
user_563ff911,28,28,Correct,0.4990
user_564ec211,29,29,Correct,0.1754
user_5692cbf0,25,25,Correct,0.1948
user_56b64788,24,25,Wrong,0.2947
user_56b9ac43,14,14,Correct,0.9377
user_56bc6901,0,1,Wrong,0.8352
user_570d40d3,21,21,Correct,0.7626
user_5732a96d,1,2,Wrong,0.1203
user_5792a589,16,7,Wrong,0.1249
user_57db578e,27,27,Correct,0.4032
user_57de079a,18,11,Wrong,0.1163
user_5805dc89,18,20,Wrong,0.3483
user_58137a2e,26,27,Wrong,0.3821
user_581dd005,2,23,Wrong,0.7037
user_583b948c,10,5,Wrong,0.0721
user_586f9d68,31,31,Correct,0.5873
user_58b089db,4,4,Correct,0.1806
user_58f8ca48,10,2,Wrong,0.1862
user_59197f81,25,23,Wrong,0.1556
user_5926de1a,9,9,Correct,0.6801
user_593690ee,10,29,Wrong,0.0876
user_59626dd1,27,27,Correct,0.2505
user_59970cfd,19,19,Correct,0.2005
user_59d3db2e,17,17,Correct,0.5251
user_59e62d83,11,12,Wrong,0.0994
user_5a343aa5,26,27,Wrong,0.2800
user_5a3c6603,20,21,Wrong,0.1626
user_5a79575c,19,18,Wrong,0.0973
user_5a95a493,30,30,Correct,0.2916
user_5aa66355,28,25,Wrong,0.2717
user_5ab4ff69,1,3,Wrong,0.2557
user_5af61710,6,7,Wrong,0.2359
user_5b3b11bc,10,4,Wrong,0.1122
user_5b420693,11,11,Correct,0.1274
user_5b62bd57,7,2,Wrong,0.1203
user_5b8fd314,29,23,Wrong,0.4596
user_5bc6b541,0,17,Wrong,0.9563
user_5bccccf6,15,5,Wrong,0.2163
user_5be35b92,9,10,Wrong,0.1261
user_5c018fe5,14,14,Correct,0.8838
user_5c4bcc72,7,7,Correct,0.7634
user_5c698433,30,31,Wrong,0.1790
user_5c9c8a59,21,12,Wrong,0.1794
user_5cb2f8c5,4,4,Correct,0.1696
user_5cd3bb41,3,5,Wrong,0.2223
user_5d246e83,30,16,Wrong,0.0814
user_5d250046,28,30,Wrong,0.7949
user_5da5dbb7,31,31,Correct,0.9763
user_5da71e9b,18,19,Wrong,0.5810
user_5db327a9,14,22,Wrong,0.3141
user_5dcf8269,27,27,Correct,0.4140
user_5df221b1,0,3,Wrong,0.8868
user_5e0be4ac,6,6,Correct,0.8638
user_5e0f01c8,12,18,Wrong,0.1965
user_5e211cf0,17,16,Wrong,0.2830
user_5e51198c,27,23,Wrong,0.1255
user_5e58dd16,0,0,Correct,0.9003
user_5e610e5a,14,31,Wrong,0.0850
user_5ead2768,7,12,Wrong,0.1058
user_5efac6ee,15,15,Correct,0.4652
user_5f61a7d3,18,18,Correct,0.3705
user_5f9eee45,7,12,Wrong,0.1817
user_6001f7fb,22,3,Wrong,0.5255
user_603cf7fc,22,22,Correct,0.3626
user_60488d33,5,5,Correct,0.3302
user_60920e04,7,10,Wrong,0.1950
user_609ea64b,28,24,Wrong,0.2145
user_60e24ecd,5,5,Correct,0.1666
user_60eca66b,7,12,Wrong,0.9251
user_6102e97b,7,5,Wrong,0.1063
user_610bb3b7,1,3,Wrong,0.2241
user_6113e677,3,3,Correct,0.1314
user_614dc2ca,3,2,Wrong,0.4340
user_61707e96,24,24,Correct,0.2264
user_618574ae,3,22,Wrong,0.2954
user_6197f95d,21,21,Correct,0.0886
user_61b464d5,13,13,Correct,0.6833
user_61d2c9b1,10,10,Correct,0.4648
user_61d50ebf,16,31,Wrong,0.0706
user_61e1bcf0,11,22,Wrong,0.1295
user_61e666bf,1,1,Correct,0.4422
user_61f4648b,14,6,Wrong,0.1346
user_6207f37a,2,2,Correct,0.3908
user_6229299b,3,3,Correct,0.5181
user_6245995f,0,2,Wrong,0.0916
user_6272272c,3,3,Correct,0.4049
user_62aae6a7,10,12,Wrong,0.1592
user_62b52c1b,27,27,Correct,0.2939
user_62e9bf12,27,18,Wrong,0.0881
user_631e1ca3,7,7,Correct,0.3834
user_6338c9c7,9,20,Wrong,0.1644
user_636cf418,18,6,Wrong,0.1426
user_63746ecd,16,16,Correct,0.6480
user_63e4b7b4,7,7,Correct,0.8105
user_63e6ed45,5,1,Wrong,0.2582
user_640c4266,3,17,Wrong,0.1590
user_6436696f,27,26,Wrong,0.3453
user_6444c055,30,24,Wrong,0.1979
user_6480aefd,9,1,Wrong,0.1342
user_6496238c,9,31,Wrong,0.3086
user_64e74997,3,5,Wrong,0.1603
user_6531d5e8,12,12,Correct,0.1598
user_6575fa52,18,20,Wrong,0.3669
user_6591dad8,30,26,Wrong,0.2254
user_65b3ccec,3,0,Wrong,0.1187
user_660ee190,5,2,Wrong,0.3240
user_6620a551,18,18,Correct,0.2259
user_662758f6,22,22,Correct,0.6449
user_6685db56,23,29,Wrong,0.1641
user_66f9636e,27,23,Wrong,0.2014
user_670e2a0b,25,1,Wrong,0.1299
user_671bc6e3,15,15,Correct,0.8428
user_6736c7f9,4,8,Wrong,0.4262
user_675cb851,25,26,Wrong,0.0582
user_676ce6e0,17,17,Correct,0.7921
user_6781aa3a,28,25,Wrong,0.2257
user_6789a05a,25,30,Wrong,0.1124
user_67b6fccb,21,21,Correct,0.5042
user_67bdac9c,29,30,Wrong,0.3102
user_67cb4933,8,8,Correct,0.1490
user_67dfa9dc,9,8,Wrong,0.0671
user_67fb4232,11,9,Wrong,0.1780
user_67fd43d4,0,0,Correct,0.8538
user_6817349c,31,31,Correct,0.3329
user_681e1c8a,12,9,Wrong,0.3704
user_68260954,28,20,Wrong,0.1357
user_682f275a,3,1,Wrong,0.1810
user_68422c47,19,19,Correct,0.1576
user_687aa450,0,0,Correct,0.5476
user_68819a5d,18,18,Correct,0.0915
user_68a5dff3,15,10,Wrong,0.1059
user_693305ae,14,7,Wrong,0.1753
user_6939724a,10,10,Correct,0.4506
user_698ca49c,19,18,Wrong,0.5655
user_69aa136f,23,26,Wrong,0.1111
user_6a0ce620,28,30,Wrong,0.2097
user_6a257eab,3,3,Correct,0.8889
user_6a4296df,7,6,Wrong,0.5196
user_6a5e357f,2,1,Wrong,0.2118
user_6aebb404,19,19,Correct,0.8141
user_6b295971,6,10,Wrong,0.2502
user_6b48cdab,28,28,Correct,0.2770
user_6b545cac,23,2,Wrong,0.1902
user_6b66c5db,18,16,Wrong,0.0699
user_6b77ca75,5,12,Wrong,0.0897
user_6ba3cb98,13,13,Correct,0.6068
user_6ba8b97d,31,31,Correct,0.1071
user_6bd726c8,28,29,Wrong,0.1134
user_6be71c9f,15,3,Wrong,0.3418
user_6bf6b538,25,25,Correct,0.1414
user_6c227047,23,28,Wrong,0.1878
user_6c345091,8,8,Correct,0.3174
user_6c396bc1,25,21,Wrong,0.1106
user_6c7124f8,21,21,Correct,0.5486
user_6c78461b,10,20,Wrong,0.0976
user_6cb629bd,24,28,Wrong,0.2630
user_6cba6c4e,15,15,Correct,0.2280
user_6cc5fca8,7,16,Wrong,0.0923
user_6ccd47dd,3,3,Correct,0.4028
user_6cf32507,27,27,Correct,0.5027
user_6d387e81,16,14,Wrong,0.1458
user_6d5192ae,1,7,Wrong,0.1389
user_6d943acd,7,15,Wrong,0.6645
user_6db2625f,18,19,Wrong,0.6185
user_6dbcb593,27,27,Correct,0.1829
user_6ddd0d07,14,14,Correct,0.6232
user_6df6aaaf,18,19,Wrong,0.1036
user_6e024bbc,5,18,Wrong,0.4314
user_6e2a5bed,18,18,Correct,0.7418
user_6e3b7667,28,30,Wrong,0.1646
user_6e482fdd,8,8,Correct,0.8791
user_6e7d624d,10,10,Correct,0.2822
user_6e899c84,26,25,Wrong,0.1766
user_6ea94ec6,23,23,Correct,0.2175
user_6ee04afc,6,6,Correct,0.9116
user_6f28fd92,25,24,Wrong,0.3043
user_6f2c3ddb,28,28,Correct,0.3114
user_6fb277f2,22,2,Wrong,0.1051
user_6fb7d8a5,9,9,Correct,0.7749
user_6fd22a16,2,18,Wrong,0.1400
user_6ff90889,18,18,Correct,0.4947
user_700e0469,8,8,Correct,0.2109
user_70263764,22,22,Correct,0.1715
user_702aad9e,29,29,Correct,0.3567
user_7031d6a0,2,2,Correct,0.2081
user_7061da53,24,24,Correct,0.2848
user_70690adf,26,26,Correct,0.4456
user_7088992c,30,30,Correct,0.8194
user_7090acac,29,29,Correct,0.2821
user_70b34feb,27,29,Wrong,0.5606
user_70da9d49,7,18,Wrong,0.1739
user_70f0bcf5,23,31,Wrong,0.0657
user_71326c6d,25,21,Wrong,0.1924
user_71449997,27,27,Correct,0.3818
user_719707cc,6,12,Wrong,0.3856
user_71beda95,23,28,Wrong,0.1635
user_71d2698e,0,0,Correct,0.8844
user_71ed9a97,28,25,Wrong,0.2893
user_72058b5c,13,17,Wrong,0.4798
user_7206b4d2,30,30,Correct,0.2009
user_722a1099,28,28,Correct,0.2633
user_7236bd85,12,12,Correct,0.3964
user_7243fe41,18,10,Wrong,0.1762
user_72699edf,21,21,Correct,0.1598
user_72b166e3,20,20,Correct,0.5679
user_72b98d32,6,12,Wrong,0.0992
user_72c7237f,20,20,Correct,0.5583
user_72f7a64e,15,13,Wrong,0.7481
user_730a8764,27,27,Correct,0.3434
user_730d9c88,12,6,Wrong,0.1016
user_732a1b06,7,5,Wrong,0.1147
user_73425fae,7,7,Correct,0.7898
user_73645ab4,30,31,Wrong,0.0725
user_7364ad52,12,12,Correct,0.7415
user_7368b78a,3,5,Wrong,0.3864
user_738b5fa1,27,27,Correct,0.5768
user_738c2300,22,30,Wrong,0.1923
user_73c8e7d1,15,15,Correct,0.4808
user_74179985,29,25,Wrong,0.2064
user_741b1b37,1,1,Correct,0.3357
user_74664459,15,22,Wrong,0.2508
user_74b5136d,22,18,Wrong,0.2990
user_74cf5804,22,22,Correct,0.1953
user_74e38a54,25,21,Wrong,0.1403
user_75114714,23,22,Wrong,0.2397
user_755936d7,0,0,Correct,0.4408
user_75644e28,9,20,Wrong,0.1873
user_757779b7,19,17,Wrong,0.2045
user_75bf278a,23,24,Wrong,0.1750
user_75d0af73,17,17,Correct,0.2735
user_75e90c35,28,24,Wrong,0.3588
user_7606e9b7,21,9,Wrong,0.1555
user_76259d35,10,11,Wrong,0.0843
user_76613831,25,24,Wrong,0.3487
user_766f687f,27,23,Wrong,0.3061
user_76a6c0f9,3,5,Wrong,0.2072
user_76aa002a,26,27,Wrong,0.1697
user_770d44e6,10,11,Wrong,0.4630
user_77117e21,5,5,Correct,0.1392
user_775d0fee,16,16,Correct,0.0921
user_777fa1c6,29,29,Correct,0.1496
user_77981fc1,18,18,Correct,0.2434
user_781415e0,10,10,Correct,0.1778
user_784e138a,24,24,Correct,0.1211
user_78761abf,1,3,Wrong,0.1760
user_787dbe9b,10,10,Correct,0.3299
user_7898830c,25,24,Wrong,0.5474
user_78ae28e2,0,0,Correct,0.7673
user_78b0d330,18,18,Correct,0.4796
user_78bbc3ad,18,19,Wrong,0.6916
user_78d7f848,28,28,Correct,0.6346
user_78e59a34,0,0,Correct,0.5637
user_79139803,3,1,Wrong,0.4136
user_791cd120,18,18,Correct,0.4523
user_79321756,3,3,Correct,0.5107
user_7949a182,16,28,Wrong,0.5816
user_796d17b1,25,25,Correct,0.2603
user_797a2bc7,7,6,Wrong,0.0607
user_79aab788,4,4,Correct,0.5816
user_79bcb87a,20,17,Wrong,0.3223
user_79beab2b,15,13,Wrong,0.4869
user_79dfb31b,13,9,Wrong,0.2396
user_7a2388f7,15,15,Correct,0.9745
user_7a4defed,5,5,Correct,0.0979
user_7a4ec82d,13,20,Wrong,0.1933
user_7a80be05,25,18,Wrong,0.2878
user_7a9f31d7,31,5,Wrong,0.4501
user_7b30766f,30,28,Wrong,0.1839
user_7b416259,1,2,Wrong,0.2476
user_7b51abaf,12,6,Wrong,0.9601
user_7b552b7c,23,25,Wrong,0.4321
user_7b70c03a,14,14,Correct,0.7526
user_7b854d93,28,28,Correct,0.6322
user_7b870539,30,31,Wrong,0.1702
user_7b882144,11,14,Wrong,0.3370
user_7b8c76bd,28,28,Correct,0.2812
user_7ba61389,14,14,Correct,0.2169
user_7ba6d70b,8,28,Wrong,0.2863
user_7bede529,5,5,Correct,0.2621
user_7bf7caee,14,4,Wrong,0.1296
user_7c02342f,30,18,Wrong,0.2420
user_7c1acc01,23,23,Correct,0.3303
user_7c6ebe65,23,7,Wrong,0.3081
user_7c97ccfb,25,20,Wrong,0.1070
user_7c9a7cda,14,14,Correct,0.2815
user_7ca7b70b,22,22,Correct,0.0924
user_7cbf7bd4,15,13,Wrong,0.1011
user_7d545975,17,17,Correct,0.8846
user_7d7c3f21,6,21,Wrong,0.1927
user_7d7cc59f,27,29,Wrong,0.2987
user_7d89c402,11,11,Correct,0.2884
user_7d9205a9,5,7,Wrong,0.2404
user_7db16430,9,11,Wrong,0.2475
user_7dcb5264,23,25,Wrong,0.3454
user_7dd65a56,14,14,Correct,0.2453
user_7e112a87,25,25,Correct,0.1391
user_7e262ea5,4,5,Wrong,0.0921
user_7e522fa5,7,8,Wrong,0.2684
user_7e58ff29,4,5,Wrong,0.1776
user_7e8fb50f,3,5,Wrong,0.1201
user_7ec8cae8,5,5,Correct,0.5811
user_7ef79945,24,20,Wrong,0.2201
user_7f178917,28,26,Wrong,0.2129
user_7f1e77f9,10,16,Wrong,0.1712
user_7f2ce1d1,25,20,Wrong,0.1205
user_7f550ba7,0,1,Wrong,0.2598
user_7f6022f8,23,0,Wrong,0.1216
user_7fde2bd5,12,5,Wrong,0.4188
user_8013c47f,23,25,Wrong,0.2467
user_80160631,6,6,Correct,0.7446
user_802a7c7e,3,0,Wrong,0.1572
user_8067eda7,30,31,Wrong,0.3888
user_8077d0eb,8,13,Wrong,0.5777
user_80a092ec,25,26,Wrong,0.1653
user_80a69859,24,25,Wrong,0.2737
user_80d62713,8,24,Wrong,0.1957
user_80ec1893,3,5,Wrong,0.1559
user_81428e21,7,7,Correct,0.5627
user_8161642c,30,30,Correct,0.0831
user_817c0d81,7,12,Wrong,0.6987
user_81be84a9,26,23,Wrong,0.2316
user_81c92c1a,16,16,Correct,0.5143
user_81e8c363,13,16,Wrong,0.3842
user_81fc3498,23,24,Wrong,0.2247
user_8200de4e,0,1,Wrong,0.2352
user_8213ac5e,6,6,Correct,0.9015
user_8247eb63,15,15,Correct,0.3794
user_824f3e27,5,5,Correct,0.2899
user_825cdb0e,26,25,Wrong,0.1801
user_82625be2,27,27,Correct,0.2025
user_827c2018,14,14,Correct,0.8475
user_82b98769,16,19,Wrong,0.1492
user_82ec083d,13,16,Wrong,0.2011
user_82fbddb7,24,24,Correct,0.2409
user_82fdaf16,23,25,Wrong,0.2571
user_8363b473,21,23,Wrong,0.1419
user_8363d8ef,7,7,Correct,0.2549
user_83829695,15,12,Wrong,0.1826
user_83bd6e2d,13,4,Wrong,0.5355
user_83beaf0e,24,23,Wrong,0.4783
user_83f284d2,15,18,Wrong,0.3274
user_842ab5c3,4,4,Correct,0.1526
user_842d6b97,16,12,Wrong,0.1479
user_8434fd26,17,17,Correct,0.8932
user_844c0e71,4,4,Correct,0.8368
user_84750aab,22,22,Correct,0.9273
user_84807855,20,0,Wrong,0.0889
user_84a40847,8,23,Wrong,0.2568
user_84f8e565,1,2,Wrong,0.4929
user_8500fe30,20,20,Correct,0.7288
user_8519d5fe,30,23,Wrong,0.1094
user_853b74cf,31,31,Correct,0.1616
user_858f92da,22,22,Correct,0.0936
user_85b30ec7,18,19,Wrong,0.0963
user_85b47023,20,20,Correct,0.3600
user_85c00d20,25,9,Wrong,0.2232
user_85c6e622,9,9,Correct,0.9040
user_85d953bb,9,8,Wrong,0.4340
user_85e14017,16,15,Wrong,0.7068
user_85e5f080,20,20,Correct,0.8374
user_85ef65bb,24,19,Wrong,0.1264
user_85f56b5f,16,16,Correct,0.1219
user_861ca0bc,22,12,Wrong,0.0862
user_861de062,3,4,Wrong,0.9210
user_861df24b,8,23,Wrong,0.1083
user_8643ca5c,8,8,Correct,0.9053
user_8669fc8b,0,0,Correct,0.5482
user_8704afd3,25,26,Wrong,0.2200
user_870dcef6,24,25,Wrong,0.2473
user_8743b8e5,8,8,Correct,0.7732
user_87634f84,1,1,Correct,0.8628
user_8773c800,14,14,Correct,0.2853
user_877af8b9,28,30,Wrong,0.2388
user_87b2b5a1,7,12,Wrong,0.3895
user_87b61f39,0,31,Wrong,0.1818
user_87f3994a,20,20,Correct,0.6171
user_881468e6,17,17,Correct,0.5409
user_888019a6,17,16,Wrong,0.5044
user_88bdf695,26,26,Correct,0.2273
user_88d20527,3,3,Correct,0.6678
user_88d7ed25,30,16,Wrong,0.1959
user_88f2d306,30,30,Correct,0.2064
user_89254c8c,7,10,Wrong,0.0670
user_8933449a,6,0,Wrong,0.8582
user_8958cb98,25,25,Correct,0.2730
user_895ad794,6,12,Wrong,0.6354
user_89a79ad4,7,3,Wrong,0.5959
user_89d319b1,2,0,Wrong,0.5697
user_89f77fb8,28,28,Correct,0.2443
user_8a25f672,28,28,Correct,0.4160
user_8a350a95,4,4,Correct,0.1891
user_8a3eaed8,21,21,Correct,0.1309
user_8a470c86,0,0,Correct,0.7565
user_8a4e5554,31,19,Wrong,0.5583
user_8a581aad,0,0,Correct,0.7452
user_8a630e6d,16,3,Wrong,0.3057
user_8a75f41a,17,17,Correct,0.6712
user_8a8365d7,22,22,Correct,0.2155
user_8a95d05a,7,16,Wrong,0.6004
user_8a9ab36d,24,24,Correct,0.1766
user_8a9b9558,30,30,Correct,0.2370
user_8aed039d,17,17,Correct,0.7911
user_8b2ea24e,11,11,Correct,0.2907
user_8b3a8d2a,0,0,Correct,0.0946
user_8b9de5fa,27,27,Correct,0.5058
user_8ba5e97b,7,7,Correct,0.6817
user_8bd902a2,4,4,Correct,0.8572
user_8c111e49,3,2,Wrong,0.2741
user_8c19db1f,17,17,Correct,0.6677
user_8c704efa,28,25,Wrong,0.2413
user_8cd1512d,15,3,Wrong,0.9501
user_8d0e8566,6,6,Correct,0.6972
user_8d2b6604,18,23,Wrong,0.1052
user_8d3c7dc7,4,4,Correct,0.2417
user_8d444bd3,23,3,Wrong,0.3997
user_8d94560f,6,6,Correct,0.1039
user_8dc366ac,27,23,Wrong,0.2196
user_8df75d4a,12,10,Wrong,0.4335
user_8e16e697,29,28,Wrong,0.2263
user_8e2b5e38,8,24,Wrong,0.1389
user_8e57d698,14,16,Wrong,0.3642
user_8e6405c6,20,16,Wrong,0.0991
user_8ebe34e2,14,14,Correct,0.4330
user_8f0e2830,14,9,Wrong,0.1971
user_8f2d584a,8,8,Correct,0.9531
user_8f2fcd23,7,7,Correct,0.9304
user_8f412073,29,28,Wrong,0.3315
user_8f56fc31,1,1,Correct,0.3859
user_8f57639c,23,23,Correct,0.3821
user_8f9c52b8,17,26,Wrong,0.1699
user_8fbee2e2,27,27,Correct,0.3818
user_8fc3aef8,25,25,Correct,0.2497
user_8fe48fab,1,5,Wrong,0.0912
user_8fe8b22f,23,1,Wrong,0.1422
user_8ffb11fe,0,0,Correct,0.7456
user_90403ab8,17,11,Wrong,0.0609
user_904e04ea,29,29,Correct,0.3090
user_906c55cb,7,7,Correct,0.4883
user_9090dac2,10,10,Correct,0.8778
user_90a5613b,22,22,Correct,0.3714
user_90ae74e2,3,3,Correct,0.2491
user_90bb1e68,28,28,Correct,0.6586
user_90bb99fb,26,27,Wrong,0.1420
user_90c53e70,29,27,Wrong,0.1181
user_914ccb74,29,23,Wrong,0.3770
user_91531e0c,18,23,Wrong,0.2297
user_91ac327b,28,30,Wrong,0.7232
user_91c183c4,7,3,Wrong,0.2246
user_91c1ef94,1,1,Correct,0.6480
user_921c4412,8,8,Correct,0.8526
user_92ac6e16,31,31,Correct,0.7402
user_92b2293c,16,16,Correct,0.2511
user_92b4999c,13,11,Wrong,0.2528
user_92c24dcb,20,31,Wrong,0.2454
user_92d113d3,27,25,Wrong,0.1343
user_92d357ab,28,28,Correct,0.4862
user_92dfa899,3,8,Wrong,0.3134
user_93339b8e,0,0,Correct,0.3876
user_9357ac77,7,20,Wrong,0.0993
user_93667504,28,28,Correct,0.5595
user_9375f916,24,24,Correct,0.2759
user_93a639d7,29,10,Wrong,0.0659
user_93e945c9,11,29,Wrong,0.1523
user_94033de4,1,16,Wrong,0.1224
user_9409e5db,3,3,Correct,0.3246
user_9429781f,16,16,Correct,0.8634
user_947292ac,4,4,Correct,0.9773
user_947ed049,28,24,Wrong,0.1593
user_9482107e,7,7,Correct,0.4104
user_94e1fc0a,0,2,Wrong,0.2887
user_951aca4e,21,23,Wrong,0.3150
user_9534ef5f,15,18,Wrong,0.1835
user_95603c37,7,30,Wrong,0.0677
user_959b6b09,9,11,Wrong,0.0729
user_95c0c421,3,1,Wrong,0.1909
user_960bde1b,29,11,Wrong,0.1857
user_9632b5db,8,8,Correct,0.4295
user_96358b62,8,12,Wrong,0.1456
user_9660156c,15,13,Wrong,0.5377
user_96952e0f,27,23,Wrong,0.3273
user_96c8a136,20,23,Wrong,0.1364
user_96dfa318,0,0,Correct,0.8215
user_97159af9,27,26,Wrong,0.2466
user_9719e780,3,2,Wrong,0.2959
user_97243bdb,29,29,Correct,0.2378
user_97383b22,16,16,Correct,0.5971
user_9741a59f,30,21,Wrong,0.0968
user_9766011f,11,10,Wrong,0.5001
user_9778f333,20,20,Correct,0.6399
user_9786375f,7,7,Correct,0.6288
user_97ad66c7,20,22,Wrong,0.2785
user_97cfd3b5,9,10,Wrong,0.0629
user_97fd5286,4,17,Wrong,0.1054
user_981d3e75,30,30,Correct,0.4365
user_9847b21d,28,28,Correct,0.1589
user_9868b9ef,13,13,Correct,0.4703
user_986a13e9,0,0,Correct,0.5837
user_98886961,3,1,Wrong,0.0985
user_98db993d,17,10,Wrong,0.0898
user_98ddd248,8,8,Correct,0.2637
user_9915c941,13,5,Wrong,0.2029
user_995386b9,29,5,Wrong,0.1328
user_996f42c8,10,10,Correct,0.5632
user_9980b03a,12,9,Wrong,0.2489
user_99dd5ad3,10,10,Correct,0.3737
user_99e3fc35,7,6,Wrong,0.0643
user_99eff643,12,13,Wrong,0.2250
user_9a101fc7,6,6,Correct,0.5078
user_9a325a2e,30,28,Wrong,0.1685
user_9a409436,4,4,Correct,0.8627
user_9a71fad5,22,22,Correct,0.9378
user_9a91292d,12,12,Correct,0.4136
user_9aa3bab6,23,23,Correct,0.6091
user_9b0194d3,3,2,Wrong,0.3290
user_9b19ee57,29,29,Correct,0.3684
user_9b3e45a4,0,2,Wrong,0.5371
user_9b5a2341,29,21,Wrong,0.2076
user_9b83f3f6,15,13,Wrong,0.4053
user_9c407c10,14,14,Correct,0.0747
user_9c46541e,15,20,Wrong,0.2839
user_9c7ed5d7,26,30,Wrong,0.2016
user_9c9d5c96,21,23,Wrong,0.1791
user_9cc1827e,17,17,Correct,0.9322
user_9ce072d3,31,22,Wrong,0.3017
user_9cf4dca0,23,26,Wrong,0.1210
user_9d174d4e,7,7,Correct,0.5202
user_9d176f68,18,18,Correct,0.1375
user_9d294134,0,1,Wrong,0.2386
user_9d6c9501,12,12,Correct,0.8087
user_9d7f87a1,27,29,Wrong,0.3941
user_9da43899,3,3,Correct,0.8024
user_9dba337e,9,11,Wrong,0.0986
user_9e4aa6ca,17,17,Correct,0.6320
user_9e551191,20,20,Correct,0.4161
user_9eb2da60,17,17,Correct,0.9218
user_9ee9c246,17,17,Correct,0.9823
user_9eff5f16,31,19,Wrong,0.3403
user_9f0ecaff,10,11,Wrong,0.7126
user_9f916bc7,7,14,Wrong,0.6962
user_a003b65f,25,25,Correct,0.2174
user_a03a9044,21,23,Wrong,0.2048
user_a0751999,19,19,Correct,0.7258
user_a087bced,19,19,Correct,0.7662
user_a0a37a32,23,13,Wrong,0.5341
user_a109f686,17,17,Correct,0.7070
user_a14bbbe3,12,6,Wrong,0.2637
user_a1ab9923,24,24,Correct,0.2150
user_a1b0d929,7,7,Correct,0.1644
user_a1b52c9a,29,21,Wrong,0.0919
user_a1c75e4c,25,24,Wrong,0.1618
user_a1fc3199,29,29,Correct,0.0752
user_a2015309,11,11,Correct,0.2619
user_a207fbe1,14,15,Wrong,0.2649
user_a20f380c,6,6,Correct,0.8849
user_a220d337,30,30,Correct,0.8657
user_a25f5166,23,28,Wrong,0.1038
user_a26d6f30,15,15,Correct,0.5880
user_a271902e,15,11,Wrong,0.1091
user_a273e130,25,26,Wrong,0.2158
user_a2a7ede0,29,29,Correct,0.3546
user_a2fe4235,18,18,Correct,0.1563
user_a3792cac,9,8,Wrong,0.4446
user_a3c7678c,13,2,Wrong,0.1679
user_a3ed4b5a,7,20,Wrong,0.0905
user_a4041a15,6,12,Wrong,0.6185
user_a41a50af,6,31,Wrong,0.1526
user_a424d0c0,25,5,Wrong,0.1099
user_a42d3a30,15,20,Wrong,0.1454
user_a47d5335,11,12,Wrong,0.2089
user_a481cff5,31,31,Correct,0.7887
user_a486bf79,18,19,Wrong,0.5663
user_a4995e81,2,6,Wrong,0.0984
user_a4acd178,15,15,Correct,0.5883
user_a4c54d9d,9,9,Correct,0.6894
user_a50b2633,30,23,Wrong,0.2982
user_a55c96ee,10,11,Wrong,0.4268
user_a5653ef2,27,27,Correct,0.3593
user_a57a5d1e,10,11,Wrong,0.4318
user_a58b9cc8,15,12,Wrong,0.2621
user_a5bb2439,9,3,Wrong,0.1948
user_a5e2e825,23,21,Wrong,0.1677
user_a66c9d4a,9,16,Wrong,0.1624
user_a6dabb9f,14,14,Correct,0.2933
user_a6ee82e7,14,14,Correct,0.5830
user_a6faef00,3,3,Correct,0.7205
user_a7399fc0,3,31,Wrong,0.1840
user_a75a24e8,7,7,Correct,0.3249
user_a7d4ea20,22,27,Wrong,0.3017
user_a7d5b473,9,18,Wrong,0.2318
user_a7ebaf03,3,3,Correct,0.2434
user_a7f2c379,18,18,Correct,0.2954
user_a849f414,25,25,Correct,0.2661
user_a85f5390,10,11,Wrong,0.0924
user_a8a902ec,8,4,Wrong,0.4729
user_a8c5cddc,15,15,Correct,0.9391
user_a8c7f3af,8,8,Correct,0.5777
user_a8d52bf6,20,20,Correct,0.3625
user_a9018309,24,28,Wrong,0.4939
user_a92e059b,17,17,Correct,0.1676
user_a9341e45,8,8,Correct,0.9885
user_a9566bc1,13,31,Wrong,0.0681
user_a985d0be,28,28,Correct,0.8232
user_a9b1d9d4,21,21,Correct,0.6807
user_a9d439b1,27,21,Wrong,0.1629
user_a9d4cf3e,29,27,Wrong,0.0686
user_a9efd9c3,16,5,Wrong,0.5592
user_a9f8f972,22,22,Correct,0.9036
user_aa49a764,30,29,Wrong,0.2218
user_aa516c51,3,3,Correct,0.2523
user_aa587069,7,7,Correct,0.3602
user_aa5d7fe6,25,25,Correct,0.3394
user_aa7b1696,31,31,Correct,0.2348
user_aa890b39,25,9,Wrong,0.0834
user_aab9d331,16,16,Correct,0.3434
user_aabf1549,6,6,Correct,0.3641
user_aac8e470,28,28,Correct,0.4671
user_aae14740,13,16,Wrong,0.4224
user_ab02f69c,4,5,Wrong,0.1387
user_ab0f1265,29,27,Wrong,0.2112
user_ab2af00c,16,16,Correct,0.8887
user_ab3103ed,6,12,Wrong,0.7513
user_ab6bb8cb,23,23,Correct,0.1349
user_abb2ba5f,28,0,Wrong,0.0860
user_abb72a81,5,12,Wrong,0.1852
user_abcb619a,4,5,Wrong,0.2095
user_ac1417af,22,22,Correct,0.1674
user_ac32556c,10,10,Correct,0.2626
user_ac843f85,22,22,Correct,0.9034
user_ac88aceb,17,17,Correct,0.2424
user_acc277fa,23,21,Wrong,0.1728
user_acf05ef4,3,3,Correct,0.8510
user_ad8d87bf,7,30,Wrong,0.1075
user_ad902dd0,26,28,Wrong,0.2839
user_ad905a76,3,31,Wrong,0.4802
user_ad99bc3d,29,17,Wrong,0.2350
user_ae266c19,18,9,Wrong,0.0697
user_ae30539b,4,4,Correct,0.5242
user_ae6979eb,27,20,Wrong,0.2917
user_ae84e23f,17,17,Correct,0.1524
user_af08e0f3,21,21,Correct,0.1331
user_af523113,16,16,Correct,0.5699
user_af5a32dc,7,7,Correct,0.1796
user_af66ce11,28,28,Correct,0.1164
user_af7596da,25,20,Wrong,0.8794
user_af8a4c60,20,20,Correct,0.4409
user_af9061cc,28,28,Correct,0.2240
user_af93808c,16,2,Wrong,0.0907
user_afa7ebf8,8,9,Wrong,0.1763
user_afbb2b69,10,16,Wrong,0.1532
user_afc0a5bc,25,25,Correct,0.2629
user_afcd78b4,4,4,Correct,0.3756
user_b0462c73,31,3,Wrong,0.1541
user_b047f85f,20,19,Wrong,0.5323
user_b055a8b0,8,12,Wrong,0.3065
user_b055eca3,31,29,Wrong,0.2369
user_b0616bff,23,23,Correct,0.2512
user_b06b93fa,17,16,Wrong,0.9286
user_b06fae86,31,23,Wrong,0.3995
user_b07b2833,15,15,Correct,0.7828
user_b0a5af0e,3,7,Wrong,0.1948
user_b0e5e29f,28,29,Wrong,0.1497
user_b147d432,9,10,Wrong,0.0776
user_b14f2b7e,21,19,Wrong,0.1352
user_b1a3e66e,13,13,Correct,0.5406
user_b1db53ce,12,12,Correct,0.3735
user_b1f565d9,18,19,Wrong,0.2070
user_b205bc54,23,8,Wrong,0.4456
user_b20dea6e,15,15,Correct,0.7833
user_b2156df7,8,8,Correct,0.2099
user_b2163a4d,6,6,Correct,0.8362
user_b22d2438,7,13,Wrong,0.4678
user_b23ccfdc,27,23,Wrong,0.1540
user_b246b9d9,26,30,Wrong,0.1371
user_b2769e92,9,9,Correct,0.5651
user_b27e668b,31,1,Wrong,0.3614
user_b2bb70e4,13,16,Wrong,0.2104
user_b2cfd89f,23,8,Wrong,0.5107
user_b2f2099c,24,25,Wrong,0.4313
user_b3202336,29,0,Wrong,0.2476
user_b3567035,25,25,Correct,0.1631
user_b39e6e99,4,0,Wrong,0.1506
user_b39eaf67,3,3,Correct,0.9708
user_b3c96018,12,1,Wrong,0.4043
user_b3d78a3f,15,15,Correct,0.7933
user_b3f40e3f,6,14,Wrong,0.1560
user_b41ce968,13,11,Wrong,0.3956
user_b45a8016,0,1,Wrong,0.9448
user_b45f1ea5,2,1,Wrong,0.4019
user_b465f49b,14,14,Correct,0.7395
user_b4d00b5b,9,9,Correct,0.6015
user_b52528ed,22,22,Correct,0.8580
user_b525eca1,0,0,Correct,0.6167
user_b533823f,25,26,Wrong,0.1864
user_b546f47d,0,0,Correct,0.7348
user_b550a937,24,25,Wrong,0.2354
user_b567f44d,27,26,Wrong,0.1770
user_b575fc5f,19,28,Wrong,0.1358
user_b5bc90cf,21,20,Wrong,0.1746
user_b5cbaa51,16,16,Correct,0.9039
user_b5df8279,31,31,Correct,0.2078
user_b5eb92f8,4,4,Correct,0.8511
user_b62f8d64,30,30,Correct,0.6715
user_b642bb2d,30,30,Correct,0.3998
user_b672dfbf,7,28,Wrong,0.1884
user_b68b4c5d,9,13,Wrong,0.5251
user_b6c370ab,30,30,Correct,0.5323
user_b719638a,18,17,Wrong,0.0893
user_b71c2f48,28,28,Correct,0.1701
user_b734762a,13,23,Wrong,0.1936
user_b759ab7f,29,9,Wrong,0.0740
user_b76f13e3,13,13,Correct,0.0912
user_b7789008,18,18,Correct,0.1794
user_b7dde746,3,3,Correct,0.9109
user_b7de514f,8,11,Wrong,0.4248
user_b7eefe00,15,0,Wrong,0.1511
user_b828c4cd,1,6,Wrong,0.1865
user_b832b415,25,28,Wrong,0.1636
user_b83c8c29,23,22,Wrong,0.4887
user_b83ede93,21,23,Wrong,0.1966
user_b8516202,13,13,Correct,0.9367
user_b87388a5,29,29,Correct,0.2314
user_b881d11c,22,31,Wrong,0.9403
user_b88733f0,17,24,Wrong,0.1524
user_b8918b66,2,22,Wrong,0.2494
user_b8b4835a,5,14,Wrong,0.0940
user_b8c7fc6e,18,20,Wrong,0.3378
user_b9328485,25,25,Correct,0.3406
user_b93e7b64,26,23,Wrong,0.0966
user_b94ad341,0,0,Correct,0.4115
user_b998241b,4,22,Wrong,0.1837
user_b9aa2a8a,5,5,Correct,0.2660
user_b9beb6c1,29,27,Wrong,0.2778
user_ba0843e5,25,24,Wrong,0.2224
user_ba4ca6e3,14,14,Correct,0.3085
user_ba8b906a,10,24,Wrong,0.2131
user_ba96c81d,4,0,Wrong,0.1291
user_baf6fc5b,0,2,Wrong,0.2750
user_bb1504d0,24,25,Wrong,0.5326
user_bb1a095d,27,29,Wrong,0.3310
user_bb9ab251,2,1,Wrong,0.8471
user_bbbeb98a,23,26,Wrong,0.1593
user_bbc78ca4,27,10,Wrong,0.0943
user_bbc81c0f,3,10,Wrong,0.0976
user_bbcbaa46,20,17,Wrong,0.3423
user_bc20c99a,3,3,Correct,0.5985
user_bc25e5b0,18,19,Wrong,0.4019
user_bc3ebb80,8,8,Correct,0.9279
user_bc94d876,14,15,Wrong,0.2701
user_bcad4f8c,14,14,Correct,0.2112
user_bcede0c4,25,29,Wrong,0.1280
user_bd19ba4b,17,17,Correct,0.6218
user_bd69214e,14,12,Wrong,0.3377
user_bd6f2ec2,10,9,Wrong,0.1823
user_bd6f3818,29,30,Wrong,0.3138
user_bd96e5e3,25,10,Wrong,0.0696
user_bd989cb7,20,20,Correct,0.0970
user_bda3bdcc,6,6,Correct,0.3359
user_bdd2e9e4,21,3,Wrong,0.1188
user_bdd861c6,0,28,Wrong,0.2342
user_bdde32a4,25,25,Correct,0.4013
user_be1c53c7,24,30,Wrong,0.2747
user_be26f1c9,2,17,Wrong,0.1153
user_be34717d,13,16,Wrong,0.2625
user_be4ad52b,13,17,Wrong,0.2289
user_be6692f7,1,0,Wrong,0.8536
user_be892515,14,14,Correct,0.8286
user_bea6b418,0,2,Wrong,0.3014
user_beff2e9a,27,27,Correct,0.5648
user_bf17adb2,11,9,Wrong,0.5279
user_bf61dc7a,10,16,Wrong,0.1952
user_bfa1c9c0,18,16,Wrong,0.1154
user_bfd005f6,13,13,Correct,0.5251
user_bfdf7eb9,24,24,Correct,0.3555
user_bff552f7,23,5,Wrong,0.1889
user_c00b89cd,14,14,Correct,0.1820
user_c0535055,27,23,Wrong,0.1705
user_c0e0eda7,17,17,Correct,0.6051
user_c1232235,19,21,Wrong,0.2579
user_c1275841,16,10,Wrong,0.3430
user_c14883c7,7,7,Correct,0.2408
user_c155a90d,9,11,Wrong,0.1312
user_c1839ff2,0,2,Wrong,0.2520
user_c183daf3,16,16,Correct,0.1061
user_c1907759,23,13,Wrong,0.1327
user_c1d0d8c6,7,23,Wrong,0.3755
user_c1d7db76,16,31,Wrong,0.1323
user_c1f8c63d,15,15,Correct,0.6789
user_c1fe6872,6,6,Correct,0.8907
user_c23b5151,3,1,Wrong,0.3261
user_c246dc88,1,1,Correct,0.2535
user_c26de959,25,25,Correct,0.2912
user_c28d2b34,17,17,Correct,0.7309
user_c296a92a,29,26,Wrong,0.1471
user_c2a03bfc,9,10,Wrong,0.2404
user_c2c295ee,14,0,Wrong,0.1193
user_c2f43018,31,31,Correct,0.5224
user_c30fda52,15,13,Wrong,0.7256
user_c34e7d93,28,28,Correct,0.2769
user_c3c06426,4,2,Wrong,0.3082
user_c3d91421,19,13,Wrong,0.1377
user_c3eaba37,3,3,Correct,0.6628
user_c411315d,30,31,Wrong,0.4412
user_c47439ce,17,5,Wrong,0.0788
user_c4a4e9ed,21,16,Wrong,0.1143
user_c4d82c54,4,4,Correct,0.8018
user_c4e9fb37,18,18,Correct,0.2680
user_c4f4baea,20,20,Correct,0.2677
user_c4fd6d2a,22,23,Wrong,0.1464
user_c508e74a,7,31,Wrong,0.3376
user_c519bacf,20,30,Wrong,0.0851
user_c53406a5,7,10,Wrong,0.0632
user_c5488cd3,11,11,Correct,0.5052
user_c54d81ca,24,25,Wrong,0.3235
user_c58b39b1,27,27,Correct,0.2031
user_c5a98ccc,17,10,Wrong,0.1568
user_c5b1ba00,5,7,Wrong,0.1324
user_c5cbfa91,7,11,Wrong,0.0696
user_c5dc5c06,1,1,Correct,0.1080
user_c6082502,15,5,Wrong,0.0806
user_c639ed80,31,31,Correct,0.3909
user_c6aa8702,29,29,Correct,0.3252
user_c6c360f1,11,11,Correct,0.4484
user_c6c85a2a,7,7,Correct,0.8792
user_c6ce1271,15,21,Wrong,0.3893
user_c6e1d257,25,25,Correct,0.2369
user_c6ef585f,23,27,Wrong,0.3571
user_c6ef9acc,0,0,Correct,0.4004
user_c6f73b6a,25,26,Wrong,0.2420
user_c6fc9e9d,4,11,Wrong,0.0655
user_c71902bd,30,5,Wrong,0.0571
user_c748eeab,17,23,Wrong,0.3829
user_c7703eb6,6,6,Correct,0.7520
user_c79cc0cb,16,16,Correct,0.3572
user_c7b3beca,27,27,Correct,0.2854
user_c7dbbd2b,6,6,Correct,0.3551
user_c7e3ace8,28,1,Wrong,0.1828
user_c8221753,16,16,Correct,0.1505
user_c83d4f5a,10,11,Wrong,0.1925
user_c86d006f,1,2,Wrong,0.3449
user_c88c5b40,11,11,Correct,0.3839
user_c8910e06,20,3,Wrong,0.1401
user_c898b4a3,20,5,Wrong,0.1933
user_c92e94be,15,15,Correct,0.7775
user_c93ccf25,9,9,Correct,0.1586
user_c975ee68,22,18,Wrong,0.3569
user_ca355cad,10,11,Wrong,0.1083
user_ca706564,0,0,Correct,0.6213
user_ca7bcf44,7,7,Correct,0.1577
user_caa3378c,25,24,Wrong,0.3391
user_caa680a4,29,30,Wrong,0.1665
user_cab6b654,3,1,Wrong,0.1618
user_cb376cf9,15,13,Wrong,0.4458
user_cb5a2c94,15,15,Correct,0.9658
user_cb6ece1a,30,31,Wrong,0.1232
user_cb7b8858,24,25,Wrong,0.3287
user_cb963dfb,30,30,Correct,0.4363
user_cba175e0,30,26,Wrong,0.2048
user_cbbe237f,4,4,Correct,0.1232
user_cbdc95ad,1,1,Correct,0.8377
user_cc945dff,10,21,Wrong,0.0641
user_ccad185e,31,9,Wrong,0.4721
user_ccbaa37f,17,17,Correct,0.4314
user_cd29081f,27,21,Wrong,0.2123
user_cd59681b,18,18,Correct,0.7566
user_cd6c8b03,8,8,Correct,0.9976
user_cd81e56b,29,23,Wrong,0.1624
user_cd9dca56,1,18,Wrong,0.3069
user_cdcc21c1,27,27,Correct,0.3916
user_ce16611e,7,7,Correct,0.6306
user_ce21892c,1,5,Wrong,0.1278
user_ce61c55a,15,13,Wrong,0.9803
user_cf2a2b58,25,26,Wrong,0.0956
user_cf31554f,10,12,Wrong,0.2630
user_cf393e6d,9,6,Wrong,0.1720
user_cf4141d0,10,9,Wrong,0.8028
user_cf46fd0f,18,19,Wrong,0.3595
user_cf813ac9,14,5,Wrong,0.1157
user_d002ba13,21,21,Correct,0.4004
user_d04a41d0,29,29,Correct,0.3896
user_d04c4ab6,7,7,Correct,0.7172
user_d054d267,29,29,Correct,0.2140
user_d0895e01,8,8,Correct,0.4417
user_d0cc51b1,25,24,Wrong,0.3465
user_d0d5e0af,3,23,Wrong,0.0898
user_d0edee48,10,11,Wrong,0.4646
user_d106d219,31,12,Wrong,0.2738
user_d135fe3b,30,23,Wrong,0.1263
user_d17cc591,4,4,Correct,0.1859
user_d1861556,4,4,Correct,0.6736
user_d1ad106b,26,27,Wrong,0.3682
user_d1fcf8ec,24,28,Wrong,0.5477
user_d22f6732,0,1,Wrong,0.4606
user_d233a595,18,17,Wrong,0.2532
user_d2670ad9,3,2,Wrong,0.4010
user_d27a6ef3,7,7,Correct,0.1309
user_d2984545,10,0,Wrong,0.6263
user_d2e39d38,13,24,Wrong,0.0872
user_d2e3c48e,16,16,Correct,0.6129
user_d315f701,8,1,Wrong,0.2283
user_d324cf1a,23,29,Wrong,0.0941
user_d33acd79,3,3,Correct,0.3594
user_d33bc6c5,26,28,Wrong,0.3689
user_d33f9935,26,30,Wrong,0.0712
user_d34534bc,11,7,Wrong,0.2005
user_d345d930,0,0,Correct,0.7526
user_d37133be,25,25,Correct,0.2755
user_d373dd2b,27,23,Wrong,0.8978
user_d37c7cb0,10,11,Wrong,0.4781
user_d37fa21e,7,14,Wrong,0.2661
user_d3beb84b,1,1,Correct,0.8844
user_d3c89cf3,17,17,Correct,0.8262
user_d3d13d31,18,6,Wrong,0.2081
user_d413d8a8,11,8,Wrong,0.4618
user_d440905f,4,4,Correct,0.7794
user_d4518761,8,30,Wrong,0.2087
user_d45244c6,8,27,Wrong,0.1135
user_d47a8224,6,17,Wrong,0.0728
user_d4975d9a,19,20,Wrong,0.0902
user_d4a7d17f,31,31,Correct,0.8682
user_d4b29b3c,23,16,Wrong,0.0768
user_d4ee787d,9,19,Wrong,0.0825
user_d5319cc0,29,30,Wrong,0.1177
user_d53eb27f,0,2,Wrong,0.5647
user_d54766b3,18,3,Wrong,0.1434
user_d5630823,20,20,Correct,0.7099
user_d5922487,25,30,Wrong,0.1759
user_d5ac0325,25,30,Wrong,0.1198
user_d5afd810,17,17,Correct,0.1561
user_d5cfc706,29,29,Correct,0.2295
user_d5ec2f95,11,11,Correct,0.3671
user_d61b68ff,13,13,Correct,0.5487
user_d6524e47,10,11,Wrong,0.2247
user_d656b987,23,26,Wrong,0.1239
user_d6621282,27,29,Wrong,0.2021
user_d669582b,28,28,Correct,0.2434
user_d681d865,9,9,Correct,0.1011
user_d6b67255,9,3,Wrong,0.3825
user_d6d6c0be,11,11,Correct,0.1991
user_d6e38da3,19,19,Correct,0.8064
user_d7050bae,29,5,Wrong,0.1853
user_d7243c54,19,14,Wrong,0.0794
user_d747278c,4,4,Correct,0.4184
user_d7491e48,31,20,Wrong,0.0807
user_d75db6d7,12,13,Wrong,0.3489
user_d77958f1,1,2,Wrong,0.5060
user_d7971986,25,25,Correct,0.1558
user_d7da1524,26,27,Wrong,0.3523
user_d83645bf,30,22,Wrong,0.3001
user_d856efd1,31,26,Wrong,0.1076
user_d89777e5,10,20,Wrong,0.9385
user_d8b6befc,23,26,Wrong,0.0995
user_d8b9f26b,23,15,Wrong,0.7418
user_d8bb23ed,22,7,Wrong,0.1532
user_d8c46f07,3,3,Correct,0.7591
user_d8f39ff2,19,19,Correct,0.2227
user_d908c6c0,29,22,Wrong,0.2665
user_d9336858,17,17,Correct,0.5127
user_d95875d5,4,4,Correct,0.3229
user_d96d5ec3,10,10,Correct,0.8179
user_d99cbbc8,13,16,Wrong,0.4818
user_d9a6ca64,9,11,Wrong,0.1223
user_d9a967ce,0,13,Wrong,0.1738
user_d9b89550,27,29,Wrong,0.2137
user_d9ded648,5,6,Wrong,0.4878
user_da044d97,2,7,Wrong,0.3419
user_da0fb736,27,26,Wrong,0.1259
user_da16553c,8,8,Correct,0.8705
user_da1a7a31,13,13,Correct,0.3149
user_da5a8c9d,13,13,Correct,0.6987
user_da5ce26d,25,23,Wrong,0.2475
user_daf7d642,12,12,Correct,0.5501
user_db362dd9,19,11,Wrong,0.1245
user_db9beceb,0,2,Wrong,0.3073
user_dbaf6e83,3,4,Wrong,0.2173
user_dbc8f50b,10,10,Correct,0.5065
user_dbf2edb6,27,26,Wrong,0.1710
user_dc28b0d6,25,14,Wrong,0.0670
user_dca4bad2,21,23,Wrong,0.2271
user_dcae5ef2,23,29,Wrong,0.1502
user_dcd444e6,0,2,Wrong,0.2511
user_dcf61f62,29,27,Wrong,0.1468
user_dd10b633,7,19,Wrong,0.1301
user_dd3e4431,4,4,Correct,0.4439
user_dd475855,3,3,Correct,0.3636
user_dd7cd36d,1,0,Wrong,0.2087
user_dda698b5,26,25,Wrong,0.2255
user_ddb0490f,8,9,Wrong,0.5632
user_ddb0c484,10,3,Wrong,0.2437
user_ddd3f305,18,31,Wrong,0.1694
user_dde41532,31,31,Correct,0.6431
user_de041265,21,23,Wrong,0.4801
user_de3c55e9,31,11,Wrong,0.3395
user_de5c23d3,27,20,Wrong,0.1553
user_de6e1322,25,25,Correct,0.2342
user_dea1b9ca,4,4,Correct,0.5385
user_df07779c,25,24,Wrong,0.2880
user_df25bc52,14,22,Wrong,0.1515
user_df8223ed,25,25,Correct,0.2303
user_df8ff6ad,25,25,Correct,0.2991
user_dff30176,28,28,Correct,0.5159
user_e02e0992,27,27,Correct,0.2284
user_e0f8b80e,12,20,Wrong,0.1960
user_e110fe23,31,24,Wrong,0.2047
user_e1177faa,20,14,Wrong,0.2984
user_e134e9a0,1,1,Correct,0.5712
user_e1359b34,15,15,Correct,0.4451
user_e14e78d9,22,22,Correct,0.1940
user_e1680f3d,29,9,Wrong,0.0921
user_e198d037,23,8,Wrong,0.8006
user_e1adacb4,28,26,Wrong,0.1547
user_e1be72ab,0,0,Correct,0.8197
user_e1cc8c88,11,18,Wrong,0.3450
user_e211eaf8,19,19,Correct,0.7553
user_e2164fad,28,30,Wrong,0.3309
user_e246a149,25,26,Wrong,0.1340
user_e262d3b9,14,14,Correct,0.7632
user_e2953070,29,27,Wrong,0.4986
user_e2c30860,18,18,Correct,0.2534
user_e2ebb43b,4,4,Correct,0.8149
user_e32bec68,22,27,Wrong,0.4217
user_e3369ea6,19,18,Wrong,0.1019
user_e3ab85d6,3,3,Correct,0.7685
user_e3cc72af,17,17,Correct,0.9039
user_e4099e46,24,21,Wrong,0.1245
user_e4581314,1,0,Wrong,0.2699
user_e498d917,15,15,Correct,0.6299
user_e50c272d,29,29,Correct,0.2444
user_e50c8182,3,19,Wrong,0.0659
user_e551e399,20,11,Wrong,0.2069
user_e55a1406,18,17,Wrong,0.2709
user_e5730164,8,8,Correct,0.1728
user_e5a06cf8,30,30,Correct,0.6250
user_e5ad102f,8,30,Wrong,0.1923
user_e5ea60c9,6,6,Correct,0.9438
user_e6211d0d,29,28,Wrong,0.2302
user_e63ca6ae,2,3,Wrong,0.2604
user_e652f2a1,22,11,Wrong,0.0707
user_e68f8f90,1,1,Correct,0.5206
user_e69c2926,11,14,Wrong,0.2135
user_e6b86b40,29,30,Wrong,0.6121
user_e6baa18a,6,6,Correct,0.4079
user_e6cec8db,31,22,Wrong,0.3878
user_e6d61f05,22,22,Correct,0.9623
user_e6d80bad,13,13,Correct,0.2299
user_e6f02e7c,5,4,Wrong,0.3069
user_e6f5860b,25,21,Wrong,0.2901
user_e6f8004d,15,15,Correct,0.0993
user_e7066e4e,29,18,Wrong,0.0912
user_e718421d,9,9,Correct,0.7579
user_e71f3a2d,28,28,Correct,0.6095
user_e74a91ff,18,19,Wrong,0.3450
user_e7527f1e,27,21,Wrong,0.1138
user_e7586f0f,0,2,Wrong,0.0909
user_e76bc97e,28,28,Correct,0.4485
user_e7a8c900,17,17,Correct,0.1048
user_e7e76e26,27,29,Wrong,0.6555
user_e7fe3e08,16,13,Wrong,0.2181
user_e8067267,31,31,Correct,0.2795
user_e88cd0d2,14,14,Correct,0.7005
user_e8958fc9,5,5,Correct,0.0640
user_e8a39d4e,7,28,Wrong,0.1515
user_e8c1cd82,7,16,Wrong,0.0733
user_e8d00af5,30,26,Wrong,0.1457
user_e8e929ef,0,11,Wrong,0.0833
user_e8f3e8ad,30,28,Wrong,0.4182
user_e8fae8b0,23,23,Correct,0.2280
user_e921a1b2,24,24,Correct,0.2410
user_e92eccc0,21,20,Wrong,0.6423
user_e94cdc56,0,0,Correct,0.2989
user_e957f59b,18,18,Correct,0.4847
user_e9b35ab2,2,0,Wrong,0.3934
user_e9b6b973,21,21,Correct,0.3646
user_e9c7b5e8,27,19,Wrong,0.7530
user_e9ed495c,5,16,Wrong,0.2905
user_e9fa37d4,15,15,Correct,0.7805
user_ea210b2f,17,17,Correct,0.3535
user_ea3cb46a,18,22,Wrong,0.3132
user_ea42cf21,9,9,Correct,0.1047
user_ea523b46,28,28,Correct,0.3459
user_ea684684,12,6,Wrong,0.2575
user_eab627d2,30,28,Wrong,0.6343
user_eab9ee1c,25,1,Wrong,0.2465
user_ead3287d,6,6,Correct,0.2303
user_eae37467,17,17,Correct,0.4247
user_eb260d9f,31,31,Correct,0.4775
user_eb6fc778,5,5,Correct,0.1681
user_eb9a329c,20,20,Correct,0.7854
user_eba9f3d5,7,11,Wrong,0.0913
user_ebddf7a7,30,31,Wrong,0.9265
user_ebdfd63f,29,30,Wrong,0.0639
user_ebe0c4d7,5,5,Correct,0.6320
user_ebf65ce3,7,7,Correct,0.2439
user_ec465a04,4,4,Correct,0.5936
user_ec654f54,14,14,Correct,0.9588
user_ec7b656e,18,18,Correct,0.5121
user_ec8325ce,8,9,Wrong,0.1571
user_ec884f90,21,21,Correct,0.0765
user_eca8e6ec,26,8,Wrong,0.4388
user_eca90b36,23,26,Wrong,0.2526
user_ecc2b48c,22,13,Wrong,0.3571
user_ecc62860,26,29,Wrong,0.1212
user_eccbf2f9,25,26,Wrong,0.2732
user_ed081e64,26,2,Wrong,0.1497
user_ed0908a6,19,16,Wrong,0.2473
user_ed1bf91b,28,28,Correct,0.5020
user_ed1d67e2,8,2,Wrong,0.2932
user_ed302b66,12,6,Wrong,0.9721
user_ed3b8209,28,28,Correct,0.2975
user_ed431d39,6,6,Correct,0.9199
user_ed9f18c3,27,9,Wrong,0.1171
user_eda117e0,0,1,Wrong,0.4274
user_ee145430,7,20,Wrong,0.2100
user_ee34ec63,20,5,Wrong,0.2700
user_ee4210e6,29,29,Correct,0.3755
user_ee862849,27,25,Wrong,0.2806
user_ee8e3efd,29,7,Wrong,0.2193
user_eea22f67,20,27,Wrong,0.1797
user_eed94ab0,6,6,Correct,0.6132
user_eedf24e4,4,4,Correct,0.4825
user_eee1e2b0,30,31,Wrong,0.5002
user_eee8ae83,31,18,Wrong,0.1707
user_eeeb7a19,7,7,Correct,0.6850
user_eefdb350,31,31,Correct,0.8044
user_ef1acf5d,25,24,Wrong,0.2655
user_ef27fe35,16,6,Wrong,0.1393
user_ef66d3cb,13,16,Wrong,0.3301
user_f00b0702,8,8,Correct,0.8262
user_f02aac24,15,15,Correct,0.5706
user_f02c28a6,4,4,Correct,0.3695
user_f0af023a,3,3,Correct,0.2901
user_f0b348e5,24,24,Correct,0.2543
user_f0d7993e,16,16,Correct,0.8222
user_f10d5e7f,15,13,Wrong,0.7958
user_f117b14f,29,29,Correct,0.3356
user_f16e8b0f,4,7,Wrong,0.1932
user_f194650a,16,16,Correct,0.8291
user_f1b732ec,9,30,Wrong,0.7753
user_f1f16a34,10,10,Correct,0.1750
user_f200bf43,0,2,Wrong,0.5327
user_f2242a3c,18,18,Correct,0.3490
user_f24d243c,18,17,Wrong,0.4840
user_f2687895,5,5,Correct,0.3305
user_f26ffc4b,31,2,Wrong,0.1062
user_f2903d80,12,7,Wrong,0.1549
user_f2a2b398,25,23,Wrong,0.1206
user_f2ae49b0,13,5,Wrong,0.2485
user_f2b75901,29,21,Wrong,0.1106
user_f2ed4435,19,12,Wrong,0.3351
user_f2f40347,1,2,Wrong,0.3641
user_f30086fd,15,15,Correct,0.9805
user_f31ed671,11,6,Wrong,0.2571
user_f332592b,4,6,Wrong,0.0831
user_f35e4685,29,29,Correct,0.4686
user_f3689f7c,22,29,Wrong,0.1773
user_f39334a3,0,13,Wrong,0.2351
user_f3f541ca,14,14,Correct,0.6108
user_f41c0e63,31,4,Wrong,0.3631
user_f429a00f,0,1,Wrong,0.1381
user_f43ffa5d,31,3,Wrong,0.8646
user_f44d4005,4,5,Wrong,0.1015
user_f454b533,0,22,Wrong,0.4112
user_f466ecb2,0,2,Wrong,0.8493
user_f48042bb,21,23,Wrong,0.6252
user_f4cbd29e,18,8,Wrong,0.2946
user_f4ea82ca,22,22,Correct,0.9461
user_f4f8397e,29,11,Wrong,0.1079
user_f50ba9b4,12,12,Correct,0.4720
user_f51ace99,4,4,Correct,0.6726
user_f52afe40,0,1,Wrong,0.5379
user_f55c33bb,25,30,Wrong,0.2969
user_f55c6ac5,13,16,Wrong,0.5215
user_f5e50e52,23,0,Wrong,0.1724
user_f5f2fd4b,6,30,Wrong,0.1324
user_f5f31c72,8,8,Correct,0.9583
user_f602ee2c,2,9,Wrong,0.0782
user_f63c86b4,3,3,Correct,0.1760
user_f64e9296,13,10,Wrong,0.1037
user_f6648ff1,28,24,Wrong,0.2164
user_f67841cc,8,18,Wrong,0.0578
user_f686dcb9,13,17,Wrong,0.9889
user_f6a1c42f,8,8,Correct,0.3076
user_f6f3c162,25,25,Correct,0.1785
user_f6f5924e,15,15,Correct,0.5356
user_f7075786,25,24,Wrong,0.1081
user_f727db0a,25,28,Wrong,0.1141
user_f7aaf96d,21,21,Correct,0.3444
user_f7c9989b,17,17,Correct,0.6178
user_f80c331d,0,0,Correct,0.7222
user_f8667733,13,16,Wrong,0.8686
user_f8898313,7,5,Wrong,0.1441
user_f88eac49,3,3,Correct,0.0960
user_f8df91d6,5,3,Wrong,0.2393
user_f8f0e9a9,16,16,Correct,0.9715
user_f8f309eb,24,30,Wrong,0.1477
user_f91f6c02,9,14,Wrong,0.0645
user_f91fb5fe,14,14,Correct,0.7656
user_f9413747,18,18,Correct,0.8049
user_f9506d2f,6,10,Wrong,0.1957
user_f97778f7,9,20,Wrong,0.1926
user_f97cc1bd,7,21,Wrong,0.0871
user_f98d14c3,0,0,Correct,0.7336
user_f999c7a4,28,28,Correct,0.2145
user_f9c1983d,6,9,Wrong,0.1233
user_f9c264cf,1,1,Correct,0.7012
user_f9cc8a72,27,21,Wrong,0.2298
user_f9ce236e,14,9,Wrong,0.1032
user_f9f45dc2,8,8,Correct,0.2449
user_fa13f47f,4,6,Wrong,0.1128
user_fa16c00b,21,31,Wrong,0.1424
user_fa798cbd,24,30,Wrong,0.1548
user_fa934a36,21,5,Wrong,0.0706
user_fa95a989,9,9,Correct,0.5418
user_fac1a534,4,4,Correct,0.7284
user_fb19e8c0,14,10,Wrong,0.4442
user_fb3a5768,27,27,Correct,0.4432
user_fb3e980a,28,28,Correct,0.5212
user_fb45895d,10,11,Wrong,0.3034
user_fb5776e5,25,25,Correct,0.3991
user_fb5946eb,30,30,Correct,0.9493
user_fb66ce5b,24,24,Correct,0.2945
user_fba0f842,27,27,Correct,0.4667
user_fbf6a940,7,18,Wrong,0.1096
user_fc22144f,12,6,Wrong,0.3896
user_fc33df40,30,28,Wrong,0.4392
user_fc3e7b1c,17,17,Correct,0.6279
user_fc98ad26,18,18,Correct,0.4174
user_fca03aeb,7,12,Wrong,0.8465
user_fd0aae71,5,12,Wrong,0.3865
user_fd36e5a9,29,27,Wrong,0.0941
user_fd39aefb,25,24,Wrong,0.2600
user_fd3b257e,4,4,Correct,0.8992
user_fd3b97d4,26,28,Wrong,0.2669
user_fd91797e,24,24,Correct,0.2136
user_fdc4e61f,9,16,Wrong,0.1047
user_fdd92f30,0,1,Wrong,0.9456
user_fe1fae24,28,21,Wrong,0.0940
user_fe53ca51,8,20,Wrong,0.9701
user_fe62b0c5,8,8,Correct,0.2781
user_fe6f7f8f,11,25,Wrong,0.3281
user_fe70af8b,23,25,Wrong,0.1217
user_fe80beb2,11,13,Wrong,0.1377
user_feb9f28b,26,23,Wrong,0.4098
user_fedbeaa3,5,4,Wrong,0.9743
user_ff4ff808,3,14,Wrong,0.2527
user_ff5a4bb9,26,27,Wrong,0.1366
user_ff6422b5,9,9,Correct,0.6834
user_ff711dd0,7,14,Wrong,0.1645
user_ff8fb9a7,26,4,Wrong,0.1431
user_ff929708,1,11,Wrong,0.0830
