user_id,user_true_lat,user_true_lon,toponym,human_label_idx,selected_name,selected_state,selected_lat,selected_lon,candidate_couunt
user_00b5310f,30.172104,-97.828607,Dallas,3,Dallas,TX,32.78306,-96.80667,5
user_02017000,42.7831,-71.079872,Andover,0,Andover,MA,42.65843,-71.137,7
user_023b236d,41.52369,-81.537638,Atlanta,0,Atlanta,GA,33.749,-84.38798,4
user_023b236d,41.52369,-81.537638,Cleveland,6,Cleveland,OH,41.4995,-81.69541,9
user_0244a57d,39.016572,-76.700694,Bowie,0,Bowie,MD,38.94278,-76.73028,2
user_02610fd8,40.68951,-73.985435,Providence,0,Providence,RI,41.82399,-71.41283,4
user_03b8fb7a,40.854413,-73.907366,Harlem,0,Harlem,NY,40.80788,-73.94542,3
user_041e2cc5,43.710151,-79.506026,San Diego,0,San Diego,CA,32.71571,-117.16472,2
user_048a2452,40.731878,-74.038008,Manhattan,0,Manhattan,NY,40.78343,-73.96625,4
user_052ef72f,40.595856,-74.270113,Brooklyn,0,Brooklyn,NY,40.6501,-73.94958,7
user_056a2eb2,40.713987,-74.242749,Hampton,0,Hampton,VA,37.02987,-76.34522,9
user_056a2eb2,40.713987,-74.242749,Miami,0,Miami,FL,25.77427,-80.19366,4
user_056a2eb2,40.713987,-74.242749,Brooklyn,0,Brooklyn,NY,40.6501,-73.94958,7
user_060389a4,41.159919,-75.342031,Manhattan,0,Manhattan,NY,40.78343,-73.96625,4
user_067bc0d1,40.67625,-73.741447,Inwood,0,Inwood,NY,40.62205,-73.7468,4
user_067bc0d1,40.67625,-73.741447,Woodmere,0,Woodmere,NY,40.63205,-73.71263,2
user_069f004b,40.815755,-73.91832,Harlem,0,Harlem,NY,40.80788,-73.94542,3
user_069f004b,40.815755,-73.91832,Jamaica,0,Jamaica,NY,40.69149,-73.80569,2
user_08785d86,40.677901,-73.751318,Harlem,0,Harlem,NY,40.80788,-73.94542,3
user_0939608f,40.690345,-73.807965,Lakewood,0,Lakewood,NJ,40.09789,-74.21764,9
user_097f7403,38.591465,-121.288599,Denver,0,Denver,CO,39.73915,-104.9847,4
user_0a36ec73,37.759635,-122.186645,Oakland,0,Oakland,CA,37.80437,-122.2708,14
user_0a4990ad,25.808194,-80.222425,Homestead,0,Homestead,FL,25.46872,-80.47756,2
user_0a851218,41.585599,-81.537931,Memphis,0,Memphis,TN,35.14953,-90.04898,5
user_0aa401cd,33.592926,-84.441363,Miami,0,Miami,FL,25.77427,-80.19366,4
user_0aa9e025,34.07186,-80.947825,Wilson,0,Wilson,NC,35.72127,-77.91554,7
user_0b51ba66,32.492548,-83.681561,Atlanta,0,Atlanta,GA,33.749,-84.38798,4
user_0b51ba66,32.492548,-83.681561,Montezuma,0,Montezuma,GA,32.30516,-84.02741,2
user_0bcff647,39.993168,-75.174582,Miami,0,Miami,FL,25.77427,-80.19366,4
user_0c840529,35.841986,-88.915712,Nashville,0,Nashville,TN,36.16589,-86.78444,8
user_0c88b35d,25.794441,-80.20476,Miami,0,Miami,FL,25.77427,-80.19366,4
user_0d1081cf,30.301,-81.560066,Miami,0,Miami,FL,25.77427,-80.19366,4
user_0debbad8,33.76342,-84.35729,Atlanta,0,Atlanta,GA,33.749,-84.38798,4
user_0dfb115e,34.100712,-118.329884,Hollywood,0,Hollywood,CA,34.09834,-118.32674,3
user_0e1805ca,37.028135,-76.334446,Miami,0,Miami,FL,25.77427,-80.19366,4
user_0e22c69a,33.52475,-86.89235,Birmingham,0,Birmingham,AL,33.52066,-86.80249,2
user_0f5f5078,40.289859,-74.501614,Elizabeth,0,Elizabeth,NJ,40.66399,-74.2107,4
user_0f5f5078,40.289859,-74.501614,Wildwood,0,Wildwood,NJ,38.99178,-74.81489,5
user_0f67716d,29.888572,-95.481175,Houston,0,Houston,TX,29.76328,-95.36327,5
user_0fbba2e7,36.065562,-80.273546,Miami,0,Miami,FL,25.77427,-80.19366,4
user_10cb7fc7,40.955277,-74.224756,Montclair,0,Montclair,NJ,40.82593,-74.20903,3
user_1164a8c8,40.704073,-73.744232,Brooklyn,0,Brooklyn,NY,40.6501,-73.94958,7
user_118837a7,34.781531,-86.553961,MIAMI,0,Miami,FL,25.77427,-80.19366,4
user_12323ce3,33.804001,-84.084137,Decatur,0,Decatur,GA,33.77483,-84.29631,10
user_12323ce3,33.804001,-84.084137,Miami,0,Miami,FL,25.77427,-80.19366,4
user_13aa4f3e,42.775344,-71.07526,Miami,0,Miami,FL,25.77427,-80.19366,4
user_13f1924a,38.73416,-77.449314,Vienna,0,Vienna,VA,38.90122,-77.26526,5
user_14826dab,38.862209,-77.036609,Austin,0,Austin,TX,30.26715,-97.74306,4
user_14c7e787,40.656182,-73.734656,Brooklyn,0,Brooklyn,NY,40.6501,-73.94958,7
user_15c7c170,40.793369,-73.944882,Harlem,0,Harlem,NY,40.80788,-73.94542,3
user_16033b01,38.97566,-77.023234,Boston,0,Boston,MA,42.35843,-71.05977,3
user_161c56a9,40.639744,-73.945163,Woodbury,1,Woodbury,NY,41.36454,-74.10598,6
user_16857378,40.928295,-82.121146,Wickliffe,0,Wickliffe,OH,41.60533,-81.45345,2
user_16857378,40.928295,-82.121146,Cleveland,6,Cleveland,OH,41.4995,-81.69541,9
user_17a3238b,33.738266,-116.243797,Ontario,3,Ontario,CA,34.06334,-117.65089,4
user_1806ab04,36.05425,-80.32752,Charlotte,0,Charlotte,NC,35.22709,-80.84313,5
user_1852c07a,33.848781,-117.377971,Hollywood,0,Hollywood,CA,34.09834,-118.32674,3
user_18ae012e,40.714269,-74.005972,Nashville,0,Nashville,TN,36.16589,-86.78444,8
user_18ae012e,40.714269,-74.005972,Miami,0,Miami,FL,25.77427,-80.19366,4
user_18ec49ca,40.696654,-73.615585,Brooklyn,0,Brooklyn,NY,40.6501,-73.94958,7
user_192f2b0f,40.687628,-73.851718,Miami,0,Miami,FL,25.77427,-80.19366,4
user_19f70549,40.714269,-74.005972,Atlanta,0,Atlanta,GA,33.749,-84.38798,4
user_19f70549,40.714269,-74.005972,Corona,0,Corona,NY,40.74705,-73.86014,2
user_1ada5d12,41.449301,-74.050846,Newburgh,0,Newburgh,NY,41.50343,-74.01042,2
user_1b3d292e,40.656579,-73.90761,Boston,0,Boston,MA,42.35843,-71.05977,3
user_1b463262,32.739462,-117.080316,San Diego,0,San Diego,CA,32.71571,-117.16472,2
user_1b61c9b9,40.64872,-73.946506,Atlanta,0,Atlanta,GA,33.749,-84.38798,4
user_1bad49c0,40.607315,-73.747455,Harlem,0,Harlem,NY,40.80788,-73.94542,3
user_1bb3825e,40.819831,-73.94649,Harlem,0,Harlem,NY,40.80788,-73.94542,3
user_1c6ba587,39.817657,-86.274811,Atlanta,0,Atlanta,GA,33.749,-84.38798,4
user_1dd18c66,34.005238,-81.052379,Harlem,0,Harlem,NY,40.80788,-73.94542,3
user_1dd258bc,41.81629,-87.621791,Atlanta,0,Atlanta,GA,33.749,-84.38798,4
user_1df16b0d,39.960608,-75.083391,Miami,0,Miami,FL,25.77427,-80.19366,4
user_1df16b0d,39.960608,-75.083391,Plainfield,0,Plainfield,NJ,40.63371,-74.40737,4
user_1ea31c40,40.684628,-73.818434,Brooklyn,0,Brooklyn,NY,40.6501,-73.94958,7
user_1f45fe10,40.796243,-73.933847,Harlem,0,Harlem,NY,40.80788,-73.94542,3
user_1fcf1cf9,40.662974,-73.931433,Brooklyn,0,Brooklyn,NY,40.6501,-73.94958,7
user_1fe04650,28.098816,-82.493896,Miami,0,Miami,FL,25.77427,-80.19366,4
user_20c5df26,40.686189,-73.868357,Harlem,0,Harlem,NY,40.80788,-73.94542,3
user_20cb19d7,38.903099,-76.842072,Syracuse,0,Syracuse,NY,43.04812,-76.14742,5
user_20cbbafe,42.228389,-83.580918,Belleville,0,Belleville,MI,42.20476,-83.48521,6
user_20cbbafe,42.228389,-83.580918,Canton,0,Canton,MI,42.30865,-83.48216,14
user_212f6e96,33.740821,-84.411915,Boston,0,Boston,MA,42.35843,-71.05977,3
user_212f6e96,33.740821,-84.411915,Cleveland,6,Cleveland,OH,41.4995,-81.69541,9
user_2132651a,33.975053,-118.435612,Brooklyn,0,Brooklyn,NY,40.6501,-73.94958,7
user_216b9538,33.840046,-84.331294,Miami,0,Miami,FL,25.77427,-80.19366,4
user_216b9538,33.840046,-84.331294,South Beach,1,South Beach,FL,27.59115,-80.34422,2
user_216b9538,33.840046,-84.331294,Atlanta,0,Atlanta,GA,33.749,-84.38798,4
user_23d3fa45,30.08176,-96.005249,Memphis,0,Memphis,TN,35.14953,-90.04898,5
user_23f6207a,40.828235,-73.891998,Brooklyn,0,Brooklyn,NY,40.6501,-73.94958,7
user_2463008c,38.957864,-77.020301,College Park,1,College Park,MD,38.98067,-76.93692,2
user_26d90802,29.956087,-90.080341,Miami,0,Miami,FL,25.77427,-80.19366,4
user_26ebf133,42.305317,-71.110947,Boston,0,Boston,MA,42.35843,-71.05977,3
user_2782049d,40.581069,-74.266107,Miami,0,Miami,FL,25.77427,-80.19366,4
user_27820aba,41.686032,-88.251568,Maywood,0,Maywood,IL,41.8792,-87.84312,3
user_27820aba,41.686032,-88.251568,Batavia,0,Batavia,IL,41.85003,-88.31257,3
user_27b53ad4,39.366157,-76.581856,Boston,0,Boston,MA,42.35843,-71.05977,3
user_286d407a,33.753071,-84.409657,Atlanta,0,Atlanta,GA,33.749,-84.38798,4
user_28f90bd2,30.192161,-85.639731,Auburn,0,Auburn,AL,32.60986,-85.48078,14
user_292905b2,38.971459,-77.110293,Lawrenceville,2,Lawrenceville,GA,33.95621,-83.98796,4
user_296ba2be,40.714269,-74.005972,Harlem,0,Harlem,NY,40.80788,-73.94542,3
user_296ba2be,40.714269,-74.005972,Delhi,0,Delhi,NY,42.27814,-74.91599,3
user_29b9cbf6,34.972624,-81.055366,Charlotte,0,Charlotte,NC,35.22709,-80.84313,5
user_29df92fa,32.645788,-97.056684,Brooklyn,0,Brooklyn,NY,40.6501,-73.94958,7
user_2ac3017f,33.591599,-112.261024,Washington,15,Washington,UT,37.13054,-113.50829,16
user_2b0c5e38,29.492889,-98.331803,Manhattan,0,Manhattan,NY,40.78343,-73.96625,4
user_2c407267,41.357337,-83.625166,Columbus,8,Columbus,OH,39.96118,-82.99879,13
user_2cd0bf7f,33.885285,-118.099073,Lawndale,0,Lawndale,CA,33.88724,-118.35257,2
user_2de4b0fb,40.775196,-74.241553,newark,0,Newark,NJ,40.73566,-74.17237,8
user_2eb68504,35.196081,-80.848743,Charlotte,0,Charlotte,NC,35.22709,-80.84313,5
user_2f49b702,37.558838,-77.452805,Richmond,0,Richmond,VA,37.55376,-77.46026,15
user_2f49b702,37.558838,-77.452805,Boston,0,Boston,MA,42.35843,-71.05977,3
user_2f8bbecc,25.784426,-80.263847,Melbourne,1,Melbourne,FL,28.08363,-80.60811,2
user_324e16b9,38.929301,-76.994866,Morgantown,0,Morgantown,WV,39.62953,-79.9559,3
user_324e16b9,38.929301,-76.994866,Kansas City,0,Kansas City,MO,39.09973,-94.57857,2
user_32557fc1,40.670366,-73.945353,miami,0,Miami,FL,25.77427,-80.19366,4
user_325a147d,34.097071,-117.633426,upland,0,Upland,CA,34.09751,-117.64839,4
user_33e63ace,39.36145,-76.582336,Baltimore,0,Baltimore,MD,39.29038,-76.61219,2
user_33e8dc8e,40.815283,-73.942179,Harlem,0,Harlem,NY,40.80788,-73.94542,3
user_34608923,41.82811,-72.751931,Boston,0,Boston,MA,42.35843,-71.05977,3
user_34c0876f,33.71065,-118.307867,Riverside,0,Riverside,CA,33.95335,-117.39616,13
user_350cd58e,39.946175,-75.242409,Miami,0,Miami,FL,25.77427,-80.19366,4
user_35c9a8bc,35.971057,-77.803076,Fayetteville,0,Fayetteville,NC,35.05266,-78.87836,8
user_361d185d,32.361795,-86.162242,Louisville,4,Louisville,KY,38.25424,-85.75941,8
user_361d185d,32.361795,-86.162242,Syracuse,0,Syracuse,NY,43.04812,-76.14742,5
user_361e6af5,39.762203,-104.937672,Denver,0,Denver,CO,39.73915,-104.9847,4
user_3646d71a,33.689766,-85.124928,Atlanta,0,Atlanta,GA,33.749,-84.38798,4
user_3680708d,37.040137,-76.319624,Miami,0,Miami,FL,25.77427,-80.19366,4
user_36ee45f9,40.736895,-73.905746,Astoria,0,Astoria,NY,40.77205,-73.93014,3
user_3b191d70,43.699427,-79.4257,Selma,1,Selma,AL,32.40736,-87.0211,4
user_3c3f837e,38.896252,-76.847855,Westlake,0,Westlake,OH,41.45532,-81.91792,3
user_3c646e37,40.680153,-73.877999,Brooklyn,0,Brooklyn,NY,40.6501,-73.94958,7
user_3ca05352,41.454213,-81.800523,Berea,0,Berea,OH,41.36616,-81.8543,4
user_3cc9c070,40.69297,-73.928383,Brooklyn,0,Brooklyn,NY,40.6501,-73.94958,7
user_207d96b2,33.975371,-118.392523,Sunset,1,Sunset,LA,30.41131,-92.06845,3
user_306796d1,36.232023,-86.710667,Holland,0,Holland,OH,41.62172,-83.7116,5
user_306796d1,36.232023,-86.710667,Antioch,0,Antioch,IL,42.47724,-88.09564,2
user_3d07697f,41.661118,-83.616467,Toledo,0,Toledo,OH,41.66394,-83.55521,4
user_3d37f6e4,38.810533,-76.962315,Washington,3,Washington,DC,38.89511,-77.03637,16
user_3d8ffebb,34.125729,-117.375511,Denver,0,Denver,CO,39.73915,-104.9847,4
user_3dd104e2,40.669197,-73.763086,MIAMI,0,Miami,FL,25.77427,-80.19366,4
user_3dd78b5f,35.118803,-90.023154,Memphis,0,Memphis,TN,35.14953,-90.04898,5
user_3e643190,38.736054,-77.003767,Rockville,0,Rockville,MD,39.084,-77.15276,4
user_3f6bb7e3,37.69158,-122.11743,Berkeley,0,Berkeley,CA,37.87159,-122.27275,3
user_3fc8c5e6,38.948595,-77.028926,Ocean City,0,Ocean City,MD,38.3365,-75.08491,3
user_3fc8c5e6,38.948595,-77.028926,Hampton,0,Hampton,VA,37.02987,-76.34522,9
user_3fcd67d1,34.15756,-118.46964,San Diego,0,San Diego,CA,32.71571,-117.16472,2
user_409cfb8b,33.72364,-118.077888,West Hollywood,1,West Hollywood,CA,34.09001,-118.36174,2
user_4119a52d,31.57693,-84.20147,Savannah,0,Savannah,GA,32.08354,-81.09983,4
user_4195e0ac,38.739275,-77.473814,Denver,0,Denver,CO,39.73915,-104.9847,4
user_42a63a6e,40.05425,-82.913641,Columbus,8,Columbus,OH,39.96118,-82.99879,13
user_431086bc,26.067405,-80.164296,Miami,0,Miami,FL,25.77427,-80.19366,4
user_43a9815a,40.651249,-73.901038,Brooklyn,0,Brooklyn,NY,40.6501,-73.94958,7
user_43fca10f,38.735249,-90.559822,Oregon,1,Oregon,MO,39.98694,-95.14498,4
user_44b7e7f8,40.027623,-75.191517,Brooklyn,0,Brooklyn,NY,40.6501,-73.94958,7
user_454630bc,39.855214,-86.19151,Atlanta,0,Atlanta,GA,33.749,-84.38798,4
user_45daa5a8,33.548649,-84.449081,Miami,0,Miami,FL,25.77427,-80.19366,4
user_461aadba,29.876278,-90.063514,West Hollywood,1,West Hollywood,CA,34.09001,-118.36174,2
user_461f49ba,39.041134,-76.992134,College Park,1,College Park,MD,38.98067,-76.93692,2
user_46ed49ff,34.0168,-118.113812,Brooklyn,0,Brooklyn,NY,40.6501,-73.94958,7
user_484bf229,35.986329,-80.000405,Atlanta,0,Atlanta,GA,33.749,-84.38798,4
user_494f0774,29.729902,-95.619202,Houston,0,Houston,TX,29.76328,-95.36327,5
user_499d86fb,40.616594,-74.085996,Brooklyn,0,Brooklyn,NY,40.6501,-73.94958,7
user_499d86fb,40.616594,-74.085996,Woodbury,0,Woodbury,NY,40.82565,-73.46762,6
user_49ca2625,33.352781,-84.125085,Atlanta,0,Atlanta,GA,33.749,-84.38798,4
user_49e82ac6,33.701352,-84.445516,Savannah,0,Savannah,GA,32.08354,-81.09983,4
user_4b04a2ef,35.611178,-78.418769,Hampton,0,Hampton,VA,37.02987,-76.34522,9
user_4b102b56,34.013628,-81.016084,New Haven,0,New Haven,CT,41.30815,-72.92816,6
user_4be1a40b,40.593923,-73.776273,Winthrop,0,Winthrop,MA,42.3751,-70.98283,3
user_4be1a40b,40.593923,-73.776273,Somers,0,Somers,CT,41.98537,-72.4462,3
user_4be8c844,25.760868,-80.195973,Miami,0,Miami,FL,25.77427,-80.19366,4
user_4becb9db,38.611092,-76.968581,Westlake,0,Westlake,OH,41.45532,-81.91792,3
user_4c30d4e5,32.7143,-117.067894,long beach,0,Long Beach,CA,33.76696,-118.18923,7
user_4cf4c193,40.708574,-73.926928,Houston,0,Houston,TX,29.76328,-95.36327,5
user_4cf4c193,40.708574,-73.926928,Atlanta,0,Atlanta,GA,33.749,-84.38798,4
user_4e1ba69a,40.705219,-73.630042,Brooklyn,0,Brooklyn,NY,40.6501,-73.94958,7
user_4e4a39dd,37.163444,-76.540751,Bristol,2,Bristol,TN,36.59511,-82.18874,11
user_4e4a39dd,37.163444,-76.540751,Naples,1,Naples,FL,26.14234,-81.79596,4
user_4e4a39dd,37.163444,-76.540751,Atlanta,0,Atlanta,GA,33.749,-84.38798,4
user_4f6e69b0,36.823042,-76.06708,Richmond,1,Richmond,KY,37.74786,-84.29465,15
user_50d6277a,37.213411,-77.377218,Chesapeake,0,Chesapeake,VA,36.81904,-76.27494,2
user_50f69b22,40.769302,-73.558678,Garden City,0,Garden City,NY,40.72677,-73.6343,8
user_519f5087,33.801815,-84.198502,Miami,0,Miami,FL,25.77427,-80.19366,4
user_524a859c,39.360516,-76.57611,Miami,0,Miami,FL,25.77427,-80.19366,4
user_524a859c,39.360516,-76.57611,Baltimore,0,Baltimore,MD,39.29038,-76.61219,2
user_529047f3,39.056272,-84.63277,Cleveland,6,Cleveland,OH,41.4995,-81.69541,9
user_529047f3,39.056272,-84.63277,Beachwood,0,Beachwood,OH,41.4645,-81.50873,2
user_529047f3,39.056272,-84.63277,Glenville,1,Glenville,OH,41.53338,-81.61735,4
user_52eed52f,41.185492,-73.139075,Stratford,1,Stratford,CT,41.18454,-73.13317,7
user_52eed52f,41.185492,-73.139075,New Haven,0,New Haven,CT,41.30815,-72.92816,6
user_531dc01f,41.127245,-73.816356,Linden,0,Linden,NJ,40.62205,-74.24459,7
user_531dc01f,41.127245,-73.816356,Carnegie,0,Carnegie,PA,40.40868,-80.08339,2
user_534496d1,39.046929,-77.051442,Boston,0,Boston,MA,42.35843,-71.05977,3
user_536537ce,41.528864,-81.596469,Miami,0,Miami,FL,25.77427,-80.19366,4
user_5396dc89,33.211501,-97.09693,Denton,0,Denton,TX,33.21484,-97.13307,3
user_539f3253,25.955964,-80.20606,Miami,0,Miami,FL,25.77427,-80.19366,4
user_53a003cc,39.154225,-77.202546,MIAMI,0,Miami,FL,25.77427,-80.19366,4
user_5499067a,40.68578,-73.954421,Harlem,0,Harlem,NY,40.80788,-73.94542,3
user_5499067a,40.68578,-73.954421,Brooklyn,0,Brooklyn,NY,40.6501,-73.94958,7
user_552757d6,40.801095,-73.964949,Harlem,0,Harlem,NY,40.80788,-73.94542,3
user_5617f673,40.707788,-73.997283,Brooklyn,0,Brooklyn,NY,40.6501,-73.94958,7
user_58b089db,30.719188,-95.551114,Houston,0,Houston,TX,29.76328,-95.36327,5
user_58f8ca48,32.642817,-85.360863,Miami,0,Miami,FL,25.77427,-80.19366,4
user_59197f81,40.688266,-73.876238,Syracuse,0,Syracuse,NY,43.04812,-76.14742,5
user_59197f81,40.688266,-73.876238,Louisville,4,Louisville,KY,38.25424,-85.75941,8
user_5926de1a,30.411364,-84.29108,Miami,0,Miami,FL,25.77427,-80.19366,4
user_593690ee,33.821369,-84.363235,Atlanta,0,Atlanta,GA,33.749,-84.38798,4
user_59e62d83,33.682374,-84.240333,Birmingham,0,Birmingham,AL,33.52066,-86.80249,2
user_59e62d83,33.682374,-84.240333,Cleveland,6,Cleveland,OH,41.4995,-81.69541,9
user_5b3b11bc,33.904711,-84.474856,Atlanta,0,Atlanta,GA,33.749,-84.38798,4
user_5c9c8a59,40.515843,-74.41517,Brooklyn,0,Brooklyn,NY,40.6501,-73.94958,7
user_5cd3bb41,40.4136,-116.58497,Eureka,0,Eureka,NV,39.51271,-115.96061,6
user_5da5dbb7,42.342608,-71.103437,Boston,0,Boston,MA,42.35843,-71.05977,3
user_5db327a9,41.59059,-83.722246,Toledo,0,Toledo,OH,41.66394,-83.55521,4
user_60488d33,35.207962,-97.425181,Houston,0,Houston,TX,29.76328,-95.36327,5
user_609ea64b,40.69754,-73.769286,Boston,1,Boston,NY,42.62895,-78.73753,3
user_609ea64b,40.69754,-73.769286,Miami,0,Miami,FL,25.77427,-80.19366,4
user_610bb3b7,32.727648,-117.161033,Oceanside,0,Oceanside,CA,33.19587,-117.37948,2
user_6197f95d,40.461833,-74.280809,Trenton,0,Trenton,NJ,40.21705,-74.74294,11
user_61e666bf,33.640308,-112.357005,Glendale,1,Glendale,AZ,33.53865,-112.18599,10
user_61f4648b,42.538834,-83.364906,Pontiac,0,Pontiac,MI,42.63892,-83.29105,2
user_6207f37a,36.194195,-119.099703,Fresno,0,Fresno,CA,36.74773,-119.77237,2
user_631e1ca3,38.59316,-90.524639,Miami,0,Miami,FL,25.77427,-80.19366,4
user_6338c9c7,28.038934,-82.428148,Newark,0,Newark,NJ,40.73566,-74.17237,8
user_6338c9c7,28.038934,-82.428148,Atlanta,0,Atlanta,GA,33.749,-84.38798,4
user_63e4b7b4,41.851824,-87.731349,Carbondale,0,Carbondale,IL,37.72727,-89.21675,4
user_640c4266,38.024637,-121.948662,Pittsburg,2,Pittsburg,CA,38.02798,-121.88468,3
user_6480aefd,27.717985,-82.739097,Clearwater,0,Clearwater,FL,27.96585,-82.8001,4
user_6480aefd,27.717985,-82.739097,Miami,0,Miami,FL,25.77427,-80.19366,4
user_65b3ccec,38.664218,-121.259123,Fairfield,10,Fairfield,CA,38.24936,-122.03997,11
user_671bc6e3,41.522704,-81.54076,Cleveland,6,Cleveland,OH,41.4995,-81.69541,9
user_675cb851,40.718748,-73.940582,Richmond,0,Richmond,VA,37.55376,-77.46026,15
user_67bdac9c,41.508606,-74.027588,Brooklyn,0,Brooklyn,NY,40.6501,-73.94958,7
user_67fb4232,32.074645,-84.209848,Charlotte,0,Charlotte,NC,35.22709,-80.84313,5
user_68422c47,39.312891,-76.607684,Baltimore,0,Baltimore,MD,39.29038,-76.61219,2
user_68819a5d,38.949624,-76.987487,Wheaton,0,Wheaton,MD,39.03983,-77.05526,3
user_6a257eab,37.755579,-122.166917,oakland,0,Oakland,CA,37.80437,-122.2708,14
user_6aebb404,39.347578,-76.746343,Baltimore,0,Baltimore,MD,39.29038,-76.61219,2
user_6b295971,35.073147,-92.465056,Eudora,0,Eudora,AR,33.10957,-91.26206,2
user_6ba3cb98,34.820942,-82.414435,Anderson,0,Anderson,SC,34.50344,-82.65013,5
user_6ba8b97d,41.798798,-72.704553,BROOKLYN,0,Brooklyn,NY,40.6501,-73.94958,7
user_6c7124f8,40.72275,-74.2155,Irvington,1,Irvington,NJ,40.73232,-74.23487,4
user_6c7124f8,40.72275,-74.2155,Columbia,0,Columbia,PA,40.03371,-76.50441,11
user_6c7124f8,40.72275,-74.2155,Louisville,4,Louisville,KY,38.25424,-85.75941,8
user_6c7124f8,40.72275,-74.2155,Syracuse,0,Syracuse,NY,43.04812,-76.14742,5
user_6cb629bd,40.622502,-73.963678,Brooklyn,0,Brooklyn,NY,40.6501,-73.94958,7
user_6cba6c4e,40.056615,-82.922396,Cleveland,6,Cleveland,OH,41.4995,-81.69541,9
user_6ccd47dd,45.550276,-122.939302,Portland,0,Portland,OR,45.52345,-122.67621,9
user_6e024bbc,35.495056,-97.544502,College Park,1,College Park,MD,38.98067,-76.93692,2
user_6fb277f2,42.882233,-78.884308,Buffalo,0,Buffalo,NY,42.88645,-78.87837,10
user_6fd22a16,35.586719,-121.119256,Reno,3,Reno,NV,39.52963,-119.8138,4
user_6fd22a16,35.586719,-121.119256,Hollywood,0,Hollywood,CA,34.09834,-118.32674,3
user_6ff90889,38.919373,-76.818704,Boston,0,Boston,MA,42.35843,-71.05977,3
user_6ff90889,38.919373,-76.818704,Boston,0,Boston,MA,42.35843,-71.05977,3
user_700e0469,25.578996,-80.384583,Miami,0,Miami,FL,25.77427,-80.19366,4
user_7031d6a0,34.682253,-120.460407,Monterey,0,Monterey,CA,36.60024,-121.89468,3
user_70b34feb,40.833385,-73.916804,Miami,0,Miami,FL,25.77427,-80.19366,4
user_7243fe41,38.805534,-77.05966,Alexandria,5,Alexandria,VA,38.80484,-77.04692,8
user_72c7237f,39.948797,-75.119452,Camden,0,Camden,NJ,39.92595,-75.11962,11
user_7364ad52,36.079792,-86.906827,South Beach,1,South Beach,FL,27.59115,-80.34422,2
user_738c2300,43.456431,-76.510653,Oswego,0,Oswego,NY,43.45535,-76.5105,3
user_76613831,40.674976,-73.950515,Brooklyn,0,Brooklyn,NY,40.6501,-73.94958,7
user_77117e21,32.280896,-95.305136,Tyler,0,Tyler,TX,32.35126,-95.30106,2
user_781415e0,33.902464,-84.359319,Macon,0,Macon,GA,32.84069,-83.6324,4
user_78ae28e2,33.9024,-118.32272,Carson,0,Carson,CA,33.83141,-118.28202,3
user_79321756,47.528139,-122.197916,Redmond,0,Redmond,WA,47.67399,-122.12151,2
user_79321756,47.528139,-122.197916,Kirkland,0,Kirkland,WA,47.68149,-122.20874,2
user_79bcb87a,40.040102,-75.179881,Manhattan,0,Manhattan,NY,40.78343,-73.96625,4
user_7a80be05,40.681537,-73.973207,Miami,0,Miami,FL,25.77427,-80.19366,4
user_7a80be05,40.681537,-73.973207,Brooklyn,0,Brooklyn,NY,40.6501,-73.94958,7
user_7b30766f,40.74486,-73.36808,Brooklyn,0,Brooklyn,NY,40.6501,-73.94958,7
user_7b552b7c,40.75,-73.997,Brooklyn,0,Brooklyn,NY,40.6501,-73.94958,7
user_7bede529,32.954053,-96.830834,Addison,0,Addison,TX,32.96179,-96.82917,6
user_7c1acc01,40.771014,-74.028998,Providence,0,Providence,RI,41.82399,-71.41283,4
user_7cbf7bd4,39.956679,-82.879274,Columbus,8,Columbus,OH,39.96118,-82.99879,13
user_7d7c3f21,35.110683,-92.4496,Memphis,0,Memphis,TN,35.14953,-90.04898,5
user_7d7cc59f,40.828148,-73.908865,Harlem,0,Harlem,NY,40.80788,-73.94542,3
user_7f1e77f9,33.875562,-84.330704,Miami,0,Miami,FL,25.77427,-80.19366,4
user_7fde2bd5,34.76266,-86.468472,Huntsville,0,Huntsville,AL,34.7304,-86.58594,5
user_7fde2bd5,34.76266,-86.468472,Nashville,0,Nashville,TN,36.16589,-86.78444,8
user_8013c47f,40.75,-73.997,Atlanta,0,Atlanta,GA,33.749,-84.38798,4
user_80160631,31.302316,-92.476987,Alexandria,0,Alexandria,LA,31.31129,-92.44514,8
user_8077d0eb,26.945252,-80.157769,Miami,0,Miami,FL,25.77427,-80.19366,4
user_8077d0eb,26.945252,-80.157769,Charlotte,0,Charlotte,NC,35.22709,-80.84313,5
user_80a69859,40.657059,-73.961607,Brooklyn,0,Brooklyn,NY,40.6501,-73.94958,7
user_817c0d81,40.410569,-86.83206,Lafayette,0,Lafayette,IN,40.4167,-86.87529,9
user_81e8c363,35.199747,-80.794817,Greensboro,0,Greensboro,NC,36.07264,-79.79198,4
user_827c2018,42.649015,-83.277802,Toledo,0,Toledo,OH,41.66394,-83.55521,4
user_82ec083d,34.929848,-82.343353,Greenville,0,Greenville,SC,34.85262,-82.39401,18
user_82fdaf16,40.714269,-74.005972,Shirley,0,Shirley,NY,40.80149,-72.8676,2
user_83829695,39.277611,-84.424767,Columbus,8,Columbus,OH,39.96118,-82.99879,13
user_83bd6e2d,35.223651,-80.947043,Jacksonville,2,Jacksonville,FL,30.33218,-81.65565,7
user_844c0e71,29.722825,-95.371385,Miami,0,Miami,FL,25.77427,-80.19366,4
user_84807855,39.988827,-75.119407,Miami,0,Miami,FL,25.77427,-80.19366,4
user_84807855,39.988827,-75.119407,Brooklyn,0,Brooklyn,NY,40.6501,-73.94958,7
user_8500fe30,40.139635,-75.115792,Atlanta,0,Atlanta,GA,33.749,-84.38798,4
user_8519d5fe,40.6906,-73.593223,IRViNGToN,0,Irvington,NY,41.03922,-73.86823,4
user_85e14017,35.878033,-78.622834,Atlanta,0,Atlanta,GA,33.749,-84.38798,4
user_85ef65bb,40.609393,-73.922105,Atlanta,0,Atlanta,GA,33.749,-84.38798,4
user_1f1f8172,37.555566,-77.447997,Cary,0,Cary,NC,35.79154,-78.78112,2
user_4622eb24,40.703255,-73.859125,Miami,0,Miami,FL,25.77427,-80.19366,4
user_6cf32507,40.844011,-73.935653,Utica,0,Utica,NY,43.1009,-75.23266,4
user_77981fc1,38.867941,-77.272206,Washington,3,Washington,DC,38.89511,-77.03637,16
user_7a2388f7,41.612549,-81.517265,Miami,0,Miami,FL,25.77427,-80.19366,4
user_8067eda7,41.209561,-73.219809,Washington,0,Washington,CT,41.63148,-73.31067,16
user_870dcef6,40.658252,-73.934576,Brooklyn,0,Brooklyn,NY,40.6501,-73.94958,7
user_87b2b5a1,41.967562,-87.67589,Terre Haute,0,Terre Haute,IN,39.4667,-87.41391,2
user_881468e6,37.649484,-77.453655,Richmond,0,Richmond,VA,37.55376,-77.46026,15
user_89f77fb8,40.703618,-73.81674,Brooklyn,0,Brooklyn,NY,40.6501,-73.94958,7
user_89f77fb8,40.703618,-73.81674,Jamaica,0,Jamaica,NY,40.69149,-73.80569,2
user_8a470c86,33.983817,-118.369436,Fullerton,0,Fullerton,CA,33.87029,-117.92534,3
user_8aed039d,36.861782,-76.28654,miami,0,Miami,FL,25.77427,-80.19366,4
user_8c111e49,37.538878,-121.933448,Fremont,0,Fremont,CA,37.54827,-121.98857,7
user_8d3c7dc7,31.613106,-94.647575,Houston,0,Houston,TX,29.76328,-95.36327,5
user_8dc366ac,40.826325,-73.867723,Louisville,4,Louisville,KY,38.25424,-85.75941,8
user_8dc366ac,40.826325,-73.867723,Richmond,0,Richmond,VA,37.55376,-77.46026,15
user_8dc366ac,40.826325,-73.867723,Louisville,4,Louisville,KY,38.25424,-85.75941,8
user_8e57d698,42.442363,-83.323134,Atlanta,0,Atlanta,GA,33.749,-84.38798,4
user_8f56fc31,33.88453,-117.237233,San Diego,0,San Diego,CA,32.71571,-117.16472,2
user_8f57639c,40.90784,-74.185928,Elmwood Park,0,Elmwood Park,NJ,40.90399,-74.11848,2
user_8fe48fab,32.234335,-110.812792,Dallas,3,Dallas,TX,32.78306,-96.80667,5
user_90a5613b,42.9053,-78.84731,Houston,0,Houston,TX,29.76328,-95.36327,5
user_92ac6e16,41.607683,-70.991701,Boston,0,Boston,MA,42.35843,-71.05977,3
user_92ac6e16,41.607683,-70.991701,Brooklyn,0,Brooklyn,NY,40.6501,-73.94958,7
user_92b4999c,32.943412,-80.050978,Charleston,0,Charleston,SC,32.77632,-79.93275,8
user_92dfa899,37.677307,-122.141724,Fresno,0,Fresno,CA,36.74773,-119.77237,2
user_9429781f,35.836463,-78.676662,Miami,0,Miami,FL,25.77427,-80.19366,4
user_947292ac,29.747714,-95.619807,Austin,0,Austin,TX,30.26715,-97.74306,4
user_947292ac,29.747714,-95.619807,Houston,0,Houston,TX,29.76328,-95.36327,5
user_96358b62,25.943689,-80.302216,Miami,0,Miami,FL,25.77427,-80.19366,4
user_4327513f,42.398969,-83.219258,Albany,0,Albany,IN,40.30088,-85.24191,12
user_7236bd85,35.943335,-83.939411,Miami,0,Miami,FL,25.77427,-80.19366,4
user_75d0af73,37.161358,-77.352384,Miami,0,Miami,FL,25.77427,-80.19366,4
user_96dfa318,33.831222,-117.92235,Long Beach,0,Long Beach,CA,33.76696,-118.18923,7
user_9868b9ef,33.50492,-81.283643,Springfield,0,Springfield,GA,32.37241,-81.3115,20
user_98db993d,37.030549,-76.298138,Miami,0,Miami,FL,25.77427,-80.19366,4
user_98ddd248,25.856213,-80.208028,Austin,0,Austin,TX,30.26715,-97.74306,4
user_9980b03a,36.062645,-86.638246,Nashville,0,Nashville,TN,36.16589,-86.78444,8
user_99dd5ad3,33.851929,-84.361855,Atlanta,0,Atlanta,GA,33.749,-84.38798,4
user_99dd5ad3,33.851929,-84.361855,Decatur,0,Decatur,GA,33.77483,-84.29631,10
user_9a101fc7,35.158317,-89.792087,Memphis,0,Memphis,TN,35.14953,-90.04898,5
user_9a71fad5,42.915133,-78.843337,Buffalo,0,Buffalo,NY,42.88645,-78.87837,10
user_9b3e45a4,34.097696,-118.131116,Phoenix,0,Phoenix,AZ,33.44838,-112.07404,4
user_9dba337e,31.516865,-84.119132,atlanta,0,Atlanta,GA,33.749,-84.38798,4
user_9e4aa6ca,36.808659,-76.296042,chester,2,Chester,PA,39.84753,-75.35785,13
user_9e4aa6ca,36.808659,-76.296042,Portsmouth,0,Portsmouth,VA,36.83543,-76.29827,4
user_9eb2da60,37.569586,-77.430708,Richmond,0,Richmond,VA,37.55376,-77.46026,15
user_9ee9c246,37.653439,-77.600129,Richmond,0,Richmond,VA,37.55376,-77.46026,15
user_a0751999,39.403957,-76.783126,Columbia,1,Columbia,MD,39.24038,-76.83942,11
user_a14bbbe3,35.987164,-83.892845,Memphis,0,Memphis,TN,35.14953,-90.04898,5
user_a14bbbe3,35.987164,-83.892845,Knoxville,0,Knoxville,TN,35.96064,-83.92074,4
user_a14bbbe3,35.987164,-83.892845,Jackson,10,Jackson,MS,32.29876,-90.18481,17
user_a14bbbe3,35.987164,-83.892845,Knoxville,0,Knoxville,TN,35.96064,-83.92074,4
user_a1ab9923,40.640453,-73.948142,Harlem,0,Harlem,NY,40.80788,-73.94542,3
user_a1fc3199,40.966372,-73.870024,Mount Vernon,0,Mount Vernon,NY,40.9126,-73.83708,16
user_a1fc3199,40.966372,-73.870024,White Plains,0,White Plains,NY,41.03399,-73.76291,3
user_a207fbe1,41.68902,-83.55176,Toledo,0,Toledo,OH,41.66394,-83.55521,4
user_a3ed4b5a,41.752792,-87.700598,Englewood,0,Englewood,IL,41.77976,-87.64588,7
user_a41a50af,35.050221,-89.836093,Atlanta,0,Atlanta,GA,33.749,-84.38798,4
user_a4995e81,34.652768,-118.158867,HOLLYWOOD,0,Hollywood,CA,34.09834,-118.32674,3
user_a58b9cc8,41.119837,-81.581843,Akron,0,Akron,OH,41.08144,-81.51901,6
user_a6faef00,38.596168,-121.412528,Roseville,0,Roseville,CA,38.75212,-121.28801,4
user_a75a24e8,44.96508,-93.267294,Miami,0,Miami,FL,25.77427,-80.19366,4
user_a7f2c379,38.906379,-77.028173,San Diego,0,San Diego,CA,32.71571,-117.16472,2
user_a8d52bf6,39.507598,-74.522993,Cheney,1,Cheney,WA,47.48739,-117.57576,2
user_a985d0be,40.712121,-73.786534,Brooklyn,0,Brooklyn,NY,40.6501,-73.94958,7
user_a9d439b1,40.864056,-73.904137,Brooklyn,0,Brooklyn,NY,40.6501,-73.94958,7
user_aa5d7fe6,40.687616,-73.938963,Nassau,0,Nassau,NY,42.51591,-73.61012,2
user_aa7b1696,41.844337,-71.418344,Providence,0,Providence,RI,41.82399,-71.41283,4
user_ab02f69c,29.524583,-98.39152,Dover,0,Dover,DE,39.15817,-75.52437,10
user_ab0f1265,40.882498,-73.848303,Harlem,0,Harlem,NY,40.80788,-73.94542,3
user_ab3103ed,35.074102,-89.865073,Collierville,0,Collierville,TN,35.04204,-89.66453,2
user_ab3103ed,35.074102,-89.865073,Memphis,0,Memphis,TN,35.14953,-90.04898,5
user_abb72a81,39.599634,-104.723041,Denver,0,Denver,CO,39.73915,-104.9847,4
user_abb72a81,39.599634,-104.723041,Brooklyn,0,Brooklyn,NY,40.6501,-73.94958,7
user_abcb619a,29.70188,-95.69239,Houston,0,Houston,TX,29.76328,-95.36327,5
user_acc277fa,40.750116,-73.991551,Harlem,0,Harlem,NY,40.80788,-73.94542,3
user_af523113,36.04752,-79.83691,Miami,0,Miami,FL,25.77427,-80.19366,4
user_af93808c,35.1229476,-78.988539,Savannah,0,Savannah,GA,32.08354,-81.09983,4
user_afa7ebf8,26.239449,-80.161194,South Beach,1,South Beach,FL,27.59115,-80.34422,2
user_b047f85f,39.205832,-75.55163,Dover,0,Dover,DE,39.15817,-75.52437,10
user_b0e5e29f,40.76316,-73.725334,Bridgeport,0,Bridgeport,CT,41.17923,-73.18945,14
user_b1a3e66e,35.222238,-80.828461,Atlanta,0,Atlanta,GA,33.749,-84.38798,4
user_b2156df7,26.173129,-80.28978,Miami,0,Miami,FL,25.77427,-80.19366,4
user_b2156df7,26.173129,-80.28978,South Beach,1,South Beach,FL,27.59115,-80.34422,2
user_b23ccfdc,40.855648,-73.971873,Brooklyn,0,Brooklyn,NY,40.6501,-73.94958,7
user_b2bb70e4,32.949807,-81.231658,Hampton,1,Hampton,SC,32.87794,-81.12761,9
user_b39eaf67,37.779169,-122.170146,Oakland,0,Oakland,CA,37.80437,-122.2708,14
user_b4d00b5b,28.248178,-81.493521,Boston,0,Boston,MA,42.35843,-71.05977,3
user_b533823f,40.711677,-73.950083,Woodhaven,0,Woodhaven,NY,40.68927,-73.85791,2
user_b567f44d,40.811685,-73.938092,Harlem,0,Harlem,NY,40.80788,-73.94542,3
user_b5df8279,41.794841,-72.656993,Worcester,0,Worcester,MA,42.26259,-71.80229,2
user_b5df8279,41.794841,-72.656993,Worcester,0,Worcester,MA,42.26259,-71.80229,2
user_b62f8d64,40.659406,-73.568168,Freeport,0,Freeport,NY,40.6576,-73.58318,6
user_b62f8d64,40.659406,-73.568168,Hempstead,0,Hempstead,NY,40.70621,-73.61874,2
user_b672dfbf,45.13733,-93.26215,Harlem,0,Harlem,NY,40.80788,-73.94542,3
user_b672dfbf,45.13733,-93.26215,Brooklyn,0,Brooklyn,NY,40.6501,-73.94958,7
user_b6c370ab,40.732025,-73.422523,Freeport,0,Freeport,NY,40.6576,-73.58318,6
user_b76f13e3,35.109966,-80.982972,Charlotte,0,Charlotte,NC,35.22709,-80.84313,5
user_b83ede93,40.664169,-74.571036,Plainfield,0,Plainfield,NJ,40.63371,-74.40737,4
user_b88733f0,37.441539,-77.427039,Aurora,0,Aurora,OH,41.31755,-81.34539,9
user_b9aa2a8a,32.660784,-96.876103,Houston,0,Houston,TX,29.76328,-95.36327,5
user_b9beb6c1,40.869142,-73.827552,Baltimore,0,Baltimore,MD,39.29038,-76.61219,2
user_bbc78ca4,40.819567,-73.943769,Harlem,0,Harlem,NY,40.80788,-73.94542,3
user_bbcbaa46,39.793528,-75.465089,Columbia,3,Columbia,SC,34.00071,-81.03481,11
user_bbcbaa46,39.793528,-75.465089,Elizabeth,0,Elizabeth,NJ,40.66399,-74.2107,4
user_bd69214e,42.329231,-83.055084,Grand Rapids,0,Grand Rapids,MI,42.96336,-85.66809,2
user_bd96e5e3,40.675932,-73.949381,Brooklyn,0,Brooklyn,NY,40.6501,-73.94958,7
user_be26f1c9,36.548745,-119.388564,Fresno,0,Fresno,CA,36.74773,-119.77237,2
user_bfd005f6,35.400095,-80.77149,Greensboro,0,Greensboro,NC,36.07264,-79.79198,4
user_c00b89cd,42.63481,-83.190128,Hammond,1,Hammond,IN,41.58337,-87.50004,3
user_c0535055,40.827294,-73.937764,Harlem,0,Harlem,NY,40.80788,-73.94542,3
user_c1275841,33.709774,-78.905182,Atlanta,0,Atlanta,GA,33.749,-84.38798,4
user_c14883c7,41.950844,-87.931085,Edwardsville,0,Edwardsville,IL,38.81144,-89.95316,3
user_c14883c7,41.950844,-87.931085,Carbondale,0,Carbondale,IL,37.72727,-89.21675,4
user_c183daf3,36.026761,-79.823502,Miami,0,Miami,FL,25.77427,-80.19366,4
user_c1907759,40.724903,-74.00161,Newark,0,Newark,NJ,40.73566,-74.17237,8
user_c1d0d8c6,41.881754,-87.767742,Venice,2,Venice,CA,33.99084,-118.46008,3
user_c1d7db76,33.937822,-78.970362,Greenville,0,Greenville,SC,34.85262,-82.39401,18
user_c1f8c63d,41.06997,-81.555099,Cleveland,6,Cleveland,OH,41.4995,-81.69541,9
user_c1fe6872,35.169,-89.79004,Peoria,0,Peoria,IL,40.69365,-89.58899,2
user_c1fe6872,35.169,-89.79004,Memphis,0,Memphis,TN,35.14953,-90.04898,5
user_c26de959,40.66251,-73.90856,Brooklyn,0,Brooklyn,NY,40.6501,-73.94958,7
user_c26de959,40.66251,-73.90856,Harlem,0,Harlem,NY,40.80788,-73.94542,3
user_c3c06426,29.573595,-98.384761,San Marcos,0,San Marcos,TX,29.88327,-97.94139,2
user_c4fd6d2a,42.105143,-75.943194,Oakdale,1,Oakdale,NY,42.2512,-73.78013,7
user_c54d81ca,40.658936,-73.941565,Brownsville,0,Brownsville,NY,40.66094,-73.92014,8
user_c6f73b6a,40.691721,-73.905248,Manhattan,0,Manhattan,NY,40.78343,-73.96625,4
user_c79cc0cb,36.050595,-79.756796,Raleigh,0,Raleigh,NC,35.7721,-78.63861,2
user_c79cc0cb,36.050595,-79.756796,High Point,0,High Point,NC,35.95569,-80.00532,2
user_c7dbbd2b,35.137516,-90.057632,Hollywood,0,Hollywood,CA,34.09834,-118.32674,3
user_c88c5b40,33.521028,-84.225616,Stockbridge,0,Stockbridge,GA,33.54428,-84.23381,3
user_c975ee68,43.670749,-79.373788,Richmond,0,Richmond,VA,37.55376,-77.46026,15
user_ca355cad,33.755085,-84.393477,Atlanta,0,Atlanta,GA,33.749,-84.38798,4
user_ca355cad,33.755085,-84.393477,Miami,0,Miami,FL,25.77427,-80.19366,4
user_ccad185e,41.743601,-72.38136,Hurley,0,Hurley,NY,41.92454,-74.06125,4
user_cd59681b,38.647385,-76.900589,Clinton,8,Clinton,MD,38.76511,-76.89831,23
user_ce16611e,44.843373,-93.245815,Bloomington,0,Bloomington,MN,44.8408,-93.29828,5
user_ce21892c,33.452855,-112.037898,Boston,0,Boston,MA,42.35843,-71.05977,3
user_ce61c55a,40.067449,-82.952196,Columbus,8,Columbus,OH,39.96118,-82.99879,13
user_cf393e6d,32.42618,-81.77932,Atlanta,0,Atlanta,GA,33.749,-84.38798,4
user_cf46fd0f,38.94433,-76.73376,Bowie,0,Bowie,MD,38.94278,-76.73028,2
user_d002ba13,40.70403,-74.203718,Newark,0,Newark,NJ,40.73566,-74.17237,8
user_d0cc51b1,40.666978,-73.910064,Brooklyn,0,Brooklyn,NY,40.6501,-73.94958,7
user_d0d5e0af,38.485291,-122.740692,Newark,0,Newark,NJ,40.73566,-74.17237,8
user_d1ad106b,40.811249,-73.952857,Harlem,0,Harlem,NY,40.80788,-73.94542,3
user_d233a595,38.029298,-78.483702,Bluefield,1,Bluefield,VA,37.25262,-81.27121,2
user_d233a595,38.029298,-78.483702,Charlotte,0,Charlotte,NC,35.22709,-80.84313,5
user_d2e39d38,35.296143,-80.737628,Charlotte,0,Charlotte,NC,35.22709,-80.84313,5
user_d2e3c48e,35.487417,-78.713941,Durham,0,Durham,NC,35.99403,-78.89862,6
user_d33f9935,40.804278,-73.956741,Harlem,0,Harlem,NY,40.80788,-73.94542,3
user_d345d930,33.833535,-118.191758,Carson,0,Carson,CA,33.83141,-118.28202,3
user_d3c89cf3,36.8817687,-76.302639,Richmond,0,Richmond,VA,37.55376,-77.46026,15
user_d3c89cf3,36.8817687,-76.302639,Petersburg,0,Petersburg,VA,37.22793,-77.40193,7
user_d4975d9a,39.36701,-76.56283,Lincoln Heights,0,Lincoln Heights,DC,38.89456,-76.92886,3
user_d5ac0325,40.682363,-73.943567,Brooklyn,0,Brooklyn,NY,40.6501,-73.94958,7
user_d61b68ff,32.881593,-79.992724,Florence,0,Florence,SC,34.19543,-79.76256,11
user_d656b987,40.755534,-73.987273,Canaan,0,Canaan,CT,42.02731,-73.32928,2
user_d656b987,40.755534,-73.987273,Harlem,0,Harlem,NY,40.80788,-73.94542,3
user_d669582b,40.684522,-73.769337,Jamaica,0,Jamaica,NY,40.69149,-73.80569,2
user_d681d865,28.547257,-81.452633,Lakeland,0,Lakeland,FL,28.03947,-81.9498,6
user_d747278c,29.541014,-95.449415,Austin,0,Austin,TX,30.26715,-97.74306,4
user_d75db6d7,37.996689,-87.387817,Princeton,0,Princeton,IN,38.35532,-87.56752,12
user_d856efd1,42.520526,-70.930944,Boston,0,Boston,MA,42.35843,-71.05977,3
user_d96d5ec3,33.793593,-84.403156,Miami,0,Miami,FL,25.77427,-80.19366,4
user_d96d5ec3,33.793593,-84.403156,Atlanta,0,Atlanta,GA,33.749,-84.38798,4
user_d96d5ec3,33.793593,-84.403156,Miami,0,Miami,FL,25.77427,-80.19366,4
user_d96d5ec3,33.793593,-84.403156,Miami,0,Miami,FL,25.77427,-80.19366,4
user_d99cbbc8,36.021896,-80.271225,Miami,0,Miami,FL,25.77427,-80.19366,4
user_d99cbbc8,36.021896,-80.271225,Durham,0,Durham,NC,35.99403,-78.89862,6
user_d9ded648,32.801323,-97.135008,Memphis,0,Memphis,TN,35.14953,-90.04898,5
user_d9ded648,32.801323,-97.135008,Memphis,0,Memphis,TN,35.14953,-90.04898,5
user_daf7d642,35.771356,-86.361336,Atlanta,0,Atlanta,GA,33.749,-84.38798,4
user_dd7cd36d,34.050676,-117.548144,Riverside,0,Riverside,CA,33.95335,-117.39616,13
user_dda698b5,40.793183,-73.944985,Chelsea,0,Chelsea,NY,40.60066,-74.19487,7
user_dda698b5,40.793183,-73.944985,Linden,0,Linden,NJ,40.62205,-74.24459,7
user_ddb0490f,25.789044,-80.137822,Gainesville,0,Gainesville,FL,29.65163,-82.32483,5
user_ddb0c484,33.841258,-84.391093,Decatur,0,Decatur,GA,33.77483,-84.29631,10
user_ddb0c484,33.841258,-84.391093,Reno,0,Reno,OH,39.37285,-81.39567,4
user_de5c23d3,40.814544,-73.943945,Harlem,0,Harlem,NY,40.80788,-73.94542,3
user_e1177faa,40.230284,-75.263926,Boston,0,Boston,MA,42.35843,-71.05977,3
user_e1adacb4,40.666297,-73.835641,Boston,0,Boston,MA,42.35843,-71.05977,3
user_e211eaf8,39.361582,-76.60848,Baltimore,0,Baltimore,MD,39.29038,-76.61219,2
user_e3369ea6,38.461656,-75.758365,Harlem,0,Harlem,NY,40.80788,-73.94542,3
user_e3cc72af,37.546154,-77.459286,richmond,0,Richmond,VA,37.55376,-77.46026,15
user_e4099e46,40.645203,-73.899636,Brooklyn,0,Brooklyn,NY,40.6501,-73.94958,7
user_e551e399,39.966664,-74.907578,chinatown,1,Chinatown,NY,40.71649,-73.99625,5
user_e6f02e7c,32.69616,-97.03037,Dallas,3,Dallas,TX,32.78306,-96.80667,5
user_e6f5860b,40.692756,-73.980687,Boston,0,Boston,MA,42.35843,-71.05977,3
user_e8e929ef,33.973217,-118.365051,Phoenix,0,Phoenix,AZ,33.44838,-112.07404,4
user_e8e929ef,33.973217,-118.365051,San Diego,0,San Diego,CA,32.71571,-117.16472,2
user_e957f59b,38.979214,-76.941754,Houston,0,Houston,TX,29.76328,-95.36327,5
user_e9c7b5e8,40.833983,-73.861787,Miami,0,Miami,FL,25.77427,-80.19366,4
user_e9c7b5e8,40.833983,-73.861787,Houston,0,Houston,TX,29.76328,-95.36327,5
user_e9fa37d4,41.078582,-81.53401,Cleveland,6,Cleveland,OH,41.4995,-81.69541,9
user_ea523b46,40.713905,-73.754933,Brooklyn,0,Brooklyn,NY,40.6501,-73.94958,7
user_ea684684,35.943335,-83.939411,Miami,0,Miami,FL,25.77427,-80.19366,4
user_ea684684,35.943335,-83.939411,Clinton,0,Clinton,TN,36.10341,-84.13186,23
user_eae37467,37.462453,-77.584656,richmond,0,Richmond,VA,37.55376,-77.46026,15
user_eb9a329c,39.805137,-75.962128,Lincoln,0,Lincoln,PA,40.31896,-79.85477,15
user_ebddf7a7,41.405089,-72.896514,Kensington,0,Kensington,CT,41.63538,-72.76871,7
user_ec7b656e,38.917452,-76.999493,Houston,0,Houston,TX,29.76328,-95.36327,5
user_eca8e6ec,40.744869,-73.937317,Brooklyn,0,Brooklyn,NY,40.6501,-73.94958,7
user_eca8e6ec,40.744869,-73.937317,Brooklyn,0,Brooklyn,NY,40.6501,-73.94958,7
user_ed1d67e2,25.72015,-80.272474,Boston,0,Boston,MA,42.35843,-71.05977,3
user_ed302b66,36.20615,-86.691677,Nashville,0,Nashville,TN,36.16589,-86.78444,8
user_ed431d39,30.4844909,-90.478924,Hammond,0,Hammond,LA,30.50463,-90.46293,3
user_ed9f18c3,40.882424,-74.085058,Elmwood Park,0,Elmwood Park,NJ,40.90399,-74.11848,2
user_eda117e0,34.000948,-117.836943,Glendale,0,Glendale,CA,34.14251,-118.25508,10
user_eda117e0,34.000948,-117.836943,Hollywood,0,Hollywood,CA,34.09834,-118.32674,3
user_eefdb350,42.314746,-71.066271,boston,0,Boston,MA,42.35843,-71.05977,3
user_eefdb350,42.314746,-71.066271,boston,0,Boston,MA,42.35843,-71.05977,3
user_ef66d3cb,35.290033,-80.706947,Charlotte,0,Charlotte,NC,35.22709,-80.84313,5
user_f0d7993e,36.067402,-79.766366,hampton,0,Hampton,VA,37.02987,-76.34522,9
user_f2687895,32.765957,-96.646942,Louisville,4,Louisville,KY,38.25424,-85.75941,8
user_f2903d80,37.730109,-89.188425,Miami,0,Miami,FL,25.77427,-80.19366,4
user_f2ae49b0,35.326956,-80.721729,Savannah,0,Savannah,GA,32.08354,-81.09983,4
user_f2ed4435,39.239119,-76.622496,Baltimore,0,Baltimore,MD,39.29038,-76.61219,2
user_f30086fd,41.549333,-81.566365,Dallas,3,Dallas,TX,32.78306,-96.80667,5
user_f332592b,30.073248,-95.450672,Houston,0,Houston,TX,29.76328,-95.36327,5
user_f39334a3,34.1755861,-118.54037,Northridge,0,Northridge,CA,34.22834,-118.53675,3
user_f41c0e63,42.139633,-71.221455,Boston,0,Boston,MA,42.35843,-71.05977,3
user_f48042bb,40.693446,-74.1601,Middlesex,0,Middlesex,NJ,40.5726,-74.49265,2
user_f51ace99,30.0036,-95.270226,Houston,0,Houston,TX,29.76328,-95.36327,5
user_f52afe40,34.010335,-118.11302,Hollywood,0,Hollywood,CA,34.09834,-118.32674,3
user_f55c6ac5,35.139156,-80.910695,Charlotte,0,Charlotte,NC,35.22709,-80.84313,5
user_f5f2fd4b,29.841159,-90.115626,Memphis,0,Memphis,TN,35.14953,-90.04898,5
user_f63c86b4,38.353382,-121.972435,Berkeley,0,Berkeley,CA,37.87159,-122.27275,3
user_f7aaf96d,40.519342,-74.358489,Newark,0,Newark,NJ,40.73566,-74.17237,8
user_f7aaf96d,40.519342,-74.358489,Elizabeth,0,Elizabeth,NJ,40.66399,-74.2107,4
user_f7c9989b,37.23974,-77.423717,Richmond,0,Richmond,VA,37.55376,-77.46026,15
user_f80c331d,33.797375,-118.108768,Long Beach,0,Long Beach,CA,33.76696,-118.18923,7
user_f8667733,35.339437,-80.740274,Miami,0,Miami,FL,25.77427,-80.19366,4
user_f8667733,35.339437,-80.740274,Charlotte,0,Charlotte,NC,35.22709,-80.84313,5
user_f88eac49,37.456408,-122.134252,Oakland,0,Oakland,CA,37.80437,-122.2708,14
user_f9506d2f,29.972304,-90.058233,Miami,0,Miami,FL,25.77427,-80.19366,4
user_fb3e980a,40.691036,-73.762726,Brooklyn,0,Brooklyn,NY,40.6501,-73.94958,7
user_fb45895d,33.846673,-84.327784,Atlanta,0,Atlanta,GA,33.749,-84.38798,4
user_fc22144f,35.838214,-86.447023,Miami,0,Miami,FL,25.77427,-80.19366,4
user_fc22144f,35.838214,-86.447023,Riverdale,0,Riverdale,GA,33.57261,-84.41326,6
user_fca03aeb,39.154904,-86.494573,Miami,0,Miami,FL,25.77427,-80.19366,4
user_fdc4e61f,29.155746,-81.032779,Athens,0,Athens,GA,33.96095,-83.37794,10
user_fe53ca51,25.783485,-80.304291,Miami,0,Miami,FL,25.77427,-80.19366,4
user_fe80beb2,33.990437,-84.27269,Monroe,3,Monroe,LA,32.50931,-92.1193,10
user_feb9f28b,40.786698,-73.943444,Miami,0,Miami,FL,25.77427,-80.19366,4
user_ff711dd0,41.769752,-87.589728,Darien,0,Darien,IL,41.75198,-87.97395,4
user_ff8fb9a7,40.7785087,-73.959,Brooklyn,0,Brooklyn,NY,40.6501,-73.94958,7
user_ff929708,33.940448,-117.264701,Beverly Hills,0,Beverly Hills,CA,34.07362,-118.40036,4
